albumi	N	
versio	N	
pelaaja	N	
suura	N	
puheenjohtaja	N	
parlamentti	N	
ulkopuoli	N	
lämpötila	N	
osavaltio	N	
käsitys	N	
termi	N	
unioni	N	
ottelu	N	
alus	N	
vanhempi	N	
lentoasema	N	
kannattaja	N	
käytetty	N	
hallinta	N	
kapina	N	
kisa	N	
laivasto	N	
massa	N	
perustaminen	N	
ajattelu	N	
synty	N	
keskimäärä	N	
lento	N	
provinssi	N	
molempi	N	
puoliväli	N	
filosofi	N	
olemassaolo	N	
itävalta	N	
rock	N	
britti	N	
itämeri	N	
valtatie	N	
senaatti	N	
lisääntyminen	N	
olympialainen	N	
olympialaiset	N	
media	N	
naapurikunta	N	
kannatus	N	
komentaja	N	
single	N	
paikko	N	
sodankäynti	N	
ohjelmisto	N	
metal	N	
taka	N	
suuntaus	N	
kokoomus	N	
palvelus	N	
matematiikka	N	
keisarikunta	N	
mestaruus	N	
kritiikki	N	
turnaus	N	
maalaus	N	
caesar	N	
neliökilometri	N	
yläpuoli	N	
testamentti	N	
organisaatio	N	
ranskalainen	N	
niemimaa	N	
tasava	N	
kutsuttu	N	
loppupuoli	N	
operaatio	N	
itäosa	N	
presidentinvaali	N	
oppositio	N	
väestötiheys	N	
kiertue	N	
islam	N	
elektroni	N	
mantere	N	
välimeri	N	
koulukunta	N	
opinto	N	
rautatieasema	N	
liittovaltio	N	
länsimaa	N	
muslimi	N	
olosuhde	N	
yhdysvaltalainen	N	
aivo	N	
siirtomaa	N	
arkkitehtuuri	N	
neuvottelu	N	
perustaja	N	
bruttokansantuote	N	
liittolainen	N	
standardi	N	
logiikka	N	
tonni	N	
teatteri	N	
jazz	N	
alalaji	N	
kongressi	N	
kiinnostus	N	
asevoima	N	
kansantasavalta	N	
arabi	N	
alusta	N	
urheilija	N	
lähin	N	
rauhansopimus	N	
osa-alue	N	
kauppala	N	
sotaretki	N	
opinnot	N	
käsittely	N	
kokoonpano	N	
suomenlahti	N	
talonpoika	N	
linnoitus	N	
esiintyminen	N	
pinna	N	
moottoritie	N	
puna-armeija	N	
arvostelu	N	
kuvi	N	
kehittyminen	N	
etiikka	N	
kreikka	N	
keskiosa	N	
juhlapäivä	N	
divisioona	N	
tiedekunta	N	
vaalipiiri	N	
taloustiede	N	
siirto	N	
tasa	N	
edusta	N	
valtakausi	N	
ooppera	N	
itäpuoli	N	
osmani	N	
nykyaika	N	
palatsi	N	
orjuus	N	
kerto	N	
satelliitti	N	
pääkaupunkiseutu	N	
ihmiskunta	N	
kuntaliitos	N	
akatemia	N	
valmistaja	N	
vallankaappaus	N	
kanna	N	
vastarinta	N	
yleisradio	N	
löytö	N	
muistomerkki	N	
ristiretki	N	
sosialismi	N	
shakki	N	
dynastia	N	
teknologia	N	
sosiaalidemokraatti	N	
olio	N	
moraali	N	
belisariuksi	N	
lähdekoodi	N	
ulkopolitiikka	N	
siirtokunta	N	
itsenäistyminen	N	
luokittelu	N	
hovi	N	
suoritin	N	
konflikti	N	
ruuma	N	
päämaja	N	
kaikkeus	N	
huoma	N	
magneettikenttä	N	
luominen	N	
alkuvaihe	N	
pääsy	N	
nykypäivä	N	
keikka	N	
räjähdys	N	
kesäolympialaiset	N	
prikaati	N	
ohja	N	
studio	N	
dialogi	N	
välitys	N	
inflaatio	N	
valtionpäämies	N	
vaikutusvalta	N	
suhteellisuusteoria	N	
maatila	N	
neuvostotasavalta	N	
monarkia	N	
lehdistö	N	
verbi	N	
syntyminen	N	
liberaali	N	
jatko	N	
lopputulos	N	
keskilämpötila	N	
kehittäjä	N	
hävittäjä	N	
asteroidi	N	
lama	N	
ydinase	N	
oppilaitos	N	
ratsuväki	N	
luoma	N	
suurvalta	N	
panssarivaunu	N	
liiga	N	
rumpali	N	
kiitotie	N	
kapitalismi	N	
jalkaväki	N	
seutukunta	N	
ulkoministeri	N	
luonnontiede	N	
koodi	N	
imperiumi	N	
terrorismi	N	
sananen	N	
sademäärä	N	
punakaarti	N	
paasikivi	N	
data	N	
tuottaminen	N	
pitämä	N	
ohjus	N	
naapurimaa	N	
sotatoimi	N	
mytologia	N	
kansanpuolue	N	
vatikaani	N	
työväenpuolue	N	
komissio	N	
kampanja	N	
international	N	
informaatio	N	
tsaari	N	
seututie	N	
päähenkilö	N	
protokolla	N	
kuvernööri	N	
kappeli	N	
kansannousu	N	
aakkonen	N	
viitta	N	
silla	N	
presidenttikausi	N	
olento	N	
käynti	N	
kommunismi	N	
kapinallinen	N	
tykki	N	
jäsenvaltio	N	
päättely	N	
kitaristi	N	
vientituote	N	
sissi	N	
puhekieli	N	
kappeliseurakunta	N	
kaasukehä	N	
järvilehto	N	
city	N	
valloitus	N	
senaattori	N	
tuomiokirkko	N	
tosiasia	N	
loppuvuosi	N	
saaminen	N	
persoona	N	
maanpako	N	
maailmanmestaruus	N	
keskustaajama	N	
kannabis	N	
herätysliike	N	
tukija	N	
ohjelmointikieli	N	
sijoitus	N	
määrittely	N	
maihinnousu	N	
joukkoliikenne	N	
artisti	N	
urho	N	
metallimusiikki	N	
loppuvaihe	N	
leviäminen	N	
kreivi	N	
kohtaus	N	
resurssit	N	
järjestäminen	N	
toimija	N	
herttua	N	
stadion	N	
markkinatalous	N	
kulutus	N	
kansalliskokous	N	
jätti	N	
isotooppi	N	
eteneminen	N	
väestönlaskenta	N	
propaganda	N	
pataljoona	N	
fyysikko	N	
molekyyli	N	
maailmanmestari	N	
televisiosarja	N	
palvelin	N	
natsi	N	
käyttöliittymä	N	
kansainliitto	N	
kiina	N	
ulkomaalainen	N	
talouskasvu	N	
liberalismi	N	
kirkkokunta	N	
legenda	N	
helikopteri	N	
bolševikki	N	
sakramentti	N	
puoluekokous	N	
matemaatikko	N	
lähistö	N	
klaani	N	
viljely	N	
varapresidentti	N	
toteutus	N	
jäsenmaa	N	
tunneli	N	
rykmentti	N	
renessanssi	N	
nurmi	N	
komponentti	N	
helium	N	
erottaminen	N	
korruptio	N	
sanomalehti	N	
pola	N	
merkistö	N	
piiritys	N	
lintulaji	N	
väritys	N	
työväki	N	
taru	N	
novelli	N	
kantatie	N	
hypoteesi	N	
urheiluseura	N	
toteuttaminen	N	
poli	N	
käyttöönotto	N	
jalkapallomaajoukkue	N	
varapuheenjohtaja	N	
päättyminen	N	
piirikunta	N	
hasis	N	
basisti	N	
yksityiselämä	N	
käyttötarkoitus	N	
juutalaisuus	N	
esperanto	N	
demokraatti	N	
sosialisti	N	
oletus	N	
kauppakeskus	N	
house	N	
tšekki	N	
sillanpää	N	
metafysiikka	N	
kiekko	N	
hitti	N	
arabia	N	
vasemmistoliitto	N	
ritarikunta	N	
plutonium	N	
lakkauttaminen	N	
rajanaapuri	N	
parlamenttivaalit	N	
etelämanner	N	
suorituskyky	N	
merialue	N	
maavoimat	N	
rakennustyö	N	
osallistuminen	N	
muuttaminen	N	
logo	N	
liittotasavalta	N	
kvarkki	N	
formula	N	
buddhalaisuus	N	
tuotantokausi	N	
protoni	N	
merivoimat	N	
lisääminen	N	
liittoutuneet	N	
lentoyhtiö	N	
keskuspankki	N	
harrastaja	N	
musiikkivideo	N	
maailmanperintöluettelo	N	
entsyymi	N	
demo	N	
pormestari	N	
naara	N	
marsalkka	N	
kiertorata	N	
kasvo	N	
kasvatus	N	
myytti	N	
maanpinta	N	
finaali	N	
college	N	
taidemaalari	N	
painovoima	N	
munkkiniemi	N	
voimalaitos	N	
realismi	N	
persianlahti	N	
muunnelma	N	
kirjoitusjärjestelmä	N	
edustajainhuone	N	
autismi	N	
palko	N	
päätöksenteko	N	
pallonpuolisko	N	
vaikuttaja	N	
tietotekniikka	N	
makedonialainen	N	
lisenssi	N	
levy-yhtiö	N	
kenraalikuvernööri	N	
suure	N	
strategia	N	
sotilasarvo	N	
komento	N	
arvostus	N	
algoritmi	N	
lauttasaari	N	
diktatuuri	N	
alpi	N	
vähentäminen	N	
sinfonia	N	
liiketoiminta	N	
infrastruktuuri	N	
hajaannus	N	
evoluutio	N	
etanoli	N	
valmistaminen	N	
protestantti	N	
painopiste	N	
kesäaika	N	
yhdistäminen	N	
tasavaltalainen	N	
suorittaminen	N	
puolustaja	N	
liittäminen	N	
liittyminen	N	
liikenneyhteys	N	
kaarti	N	
edistäminen	N	
ymmärtäminen	N	
oireyhtymä	N	
maalaisliitto	N	
vandaali	N	
ulkopuolinen	N	
tyylisuunta	N	
tieteenala	N	
psykoanalyysi	N	
mekaniikka	N	
löytäminen	N	
internetti	N	
auktoriteetti	N	
törmäys	N	
republikaani	N	
reaaliluku	N	
puolustusministeri	N	
pohjanlahti	N	
esittäminen	N	
ajattelija	N	
virtaus	N	
turismi	N	
nälänhätä	N	
muodostuminen	N	
maailmanmestaruuskilpailu	N	
levinneisyysalue	N	
laitteisto	N	
kansallissosialisti	N	
vertailu	N	
tykistö	N	
puuttuminen	N	
laboratorio	N	
fotoni	N	
yhdistyminen	N	
painostus	N	
muuttuminen	N	
monopoli	N	
eduskuntaryhmä	N	
yhteenotto	N	
tukeminen	N	
televisiokanava	N	
suomennos	N	
rituaali	N	
muodostaminen	N	
laskeminen	N	
koostumus	N	
konservatiivi	N	
kondensaattori	N	
julkaistu	N	
italia	N	
yhde	N	
vuosaari	N	
viro	N	
teloitus	N	
populaarimusiikki	N	
ilmalaiva	N	
hämähäkkimies	N	
hallituskausi	N	
ahtisaari	N	
äänestäjä	N	
tonga	N	
saavuttaminen	N	
rikollisuus	N	
nova	N	
kansallissosialismi	N	
ilmaus	N	
alahuone	N	
talviolympialaiset	N	
ruhtinaskunta	N	
paradoksi	N	
läpimurto	N	
katedraali	N	
jäänne	N	
alfa	N	
terroristi	N	
talouspolitiikka	N	
sosialidemokraattinen	N	
pesimäkanta	N	
kirjaimisto	N	
jäsenmäärä	N	
edistyspuolue	N	
ainu	N	
tyylilaji	N	
lordi	N	
liittouma	N	
karjalankannas	N	
ammattiliitto	N	
aakkosto	N	
ristiretkeläinen	N	
puolalainen	N	
peru	N	
mafia	N	
lähialue	N	
kunnallisvaalit	N	
keskipiste	N	
kansantalous	N	
hyväksyntä	N	
estäminen	N	
blues	N	
basso	N	
alkaminen	N	
välimuisti	N	
tietokoneohjelma	N	
thrash	N	
studioalbumi	N	
reititin	N	
laajennus	N	
jatko-osa	N	
suursaari	N	
rikkominen	N	
marssi	N	
keksiminen	N	
ilmapiiri	N	
gootti	N	
saapuminen	N	
presidenttiehdokas	N	
kuolemantuomio	N	
hyödyntäminen	N	
heroiini	N	
eläinlaji	N	
ydinvoimala	N	
valtavirta	N	
uskova	N	
taidemuseo	N	
retoriikka	N	
hautajainen	N	
elintapa	N	
temppeliherra	N	
sisävesi	N	
satamakaupunki	N	
prototyyppi	N	
luonnonsuojelualue	N	
komppania	N	
kaappaus	N	
faarao	N	
aselepo	N	
aktivisti	N	
teollistuminen	N	
sulttaani	N	
poistaminen	N	
länsirannikko	N	
liikemies	N	
kansanliike	N	
empirismi	N	
substantiivi	N	
sijoitettu	N	
päärata	N	
olympiakisat	N	
muunnos	N	
mustanmeri	N	
huumausaine	N	
etelävaltio	N	
ateismi	N	
aseistus	N	
tekijänoikeus	N	
show	N	
satraappi	N	
persoonallisuus	N	
pascal	N	
jaottelu	N	
heavy	N	
älykkyys	N	
siviilipalvelus	N	
käsikirjoittaja	N	
kärsimys	N	
kysely	N	
isoviha	N	
dialektiikka	N	
sauro	N	
punk	N	
länsiranta	N	
heprea	N	
elokuvaohjaaja	N	
tuomioja	N	
titaani	N	
siirtäminen	N	
objektiivi	N	
motiivi	N	
ministeriö	N	
maailmanperintökohde	N	
klani	N	
kidutus	N	
julkaiseminen	N	
rauhanyhdistys	N	
pääteos	N	
para	N	
maajoukkue	N	
epäilty	N	
bändi	N	
tytäryhtiö	N	
sotapäällikkö	N	
sisarus	N	
seksuaalisuus	N	
manifesti	N	
lounaisosa	N	
kunnianosoitus	N	
kansanmurha	N	
center	N	
asteekki	N	
yhteiskoulu	N	
väheneminen	N	
tšetšeeni	N	
tutkimuskeskus	N	
syntymäpäivä	N	
sotajoukko	N	
ranking	N	
pelaaminen	N	
laajeneminen	N	
kurri	N	
hallintoalue	N	
elokuvateatteri	N	
elinkeinoelämä	N	
agentti	N	
aatelisto	N	
liivinmaa	N	
laskenta	N	
kielenkäyttö	N	
keskushallinto	N	
kaakkoisosa	N	
havaitseminen	N	
federaatio	N	
asetti	N	
aminohappo	N	
väittämä	N	
vapauttaminen	N	
terrori	N	
syöttö	N	
soul	N	
salaliitto	N	
puukirkko	N	
party	N	
neutriino	N	
nero	N	
muninta	N	
konsuli	N	
etelärannikko	N	
terminaali	N	
sivujoki	N	
pitäjäs	N	
pinyin	N	
palestiinalainen	N	
palauttaminen	N	
mikki	N	
mielihyvä	N	
manageri	N	
lähestymistapa	N	
liitukausi	N	
konekivääri	N	
juoksu	N	
tunnusmerkki	N	
suurkaupunki	N	
musiikkityyli	N	
luoja	N	
liikevaihto	N	
koulunkäynti	N	
kasvilaji	N	
tähtijoukko	N	
suviseura	N	
salanimi	N	
reservi	N	
portugali	N	
murrosikä	N	
lyseo	N	
koillisosa	N	
jälkipuolisko	N	
ilmastonmuutos	N	
santa	N	
päämies	N	
pinnanmuoto	N	
olomuoto	N	
muistelma	N	
maalivahti	N	
lukeminen	N	
kvanttimekaniikka	N	
kuolemanrangaistus	N	
kieltolaki	N	
keskuskomitea	N	
hyökkääjä	N	
yläluokka	N	
verilöyly	N	
vatsapuoli	N	
turvallisuusneuvosto	N	
suurlähettiläs	N	
päärakennus	N	
pikseli	N	
perämeri	N	
mennyt	N	
kaupunkivaltio	N	
ilmestyminen	N	
tytärsaari	N	
pommikone	N	
pikaraitiotie	N	
neitsyt	N	
ateisti	N	
tiedustelu	N	
syrjä	N	
siirtomaavalta	N	
romantiikka	N	
puoluesihteeri	N	
platina	N	
osajoukko	N	
neuvostoliittolainen	N	
laski	N	
kymijoki	N	
kotitalous	N	
keskusmuisti	N	
ioni	N	
armeijakunta	N	
vankileiri	N	
valtaannousu	N	
tavaratalo	N	
serbi	N	
pääsaari	N	
patriarkka	N	
metaani	N	
lähetyssaarnaaja	N	
koalitio	N	
kamppailu	N	
jalkapalloseura	N	
imperialismi	N	
hindulaisuus	N	
ammus	N	
väestöryhmä	N	
valtakunnankansleri	N	
tuomas	N	
säilyttäminen	N	
syöte	N	
sala	N	
saanti	N	
puolisko	N	
muuttoliike	N	
luoteisosa	N	
konserni	N	
kompromissi	N	
kaurismäki	N	
kaupunkikuva	N	
hiilihydraatti	N	
herännäisyys	N	
helluntaiherätys	N	
halme	N	
frankki	N	
emolevy	N	
yuan	N	
tekstiili	N	
talouskriisi	N	
säännös	N	
saaja	N	
roolipeli	N	
pohjanmeri	N	
malaiji	N	
lämpeneminen	N	
koala	N	
kehitystyö	N	
johtohahmo	N	
biodiesel	N	
arvovalta	N	
arvostelija	N	
animaatio	N	
ammattilainen	N	
tähdistö	N	
tasapeli	N	
talouselämä	N	
standardimalli	N	
roll	N	
purkaminen	N	
puolivälinen	N	
pronssikausi	N	
ohjelmointi	N	
nimike	N	
mittaaminen	N	
kuntakeskus	N	
komedia	N	
itärannikko	N	
gnostilaisuus	N	
fasisti	N	
fani	N	
emämaa	N	
vetäytyminen	N	
toimipiste	N	
panttivanki	N	
modernismi	N	
mieliala	N	
metodi	N	
kuivuus	N	
kraatteri	N	
kertoma	N	
homo	N	
hietaniemi	N	
eksoplaneetta	N	
amfetamiini	N	
ulkomaankauppa	N	
sosiologia	N	
sisäosa	N	
seksi	N	
paikallishallinto	N	
mielenkiinto	N	
metropolialue	N	
manga	N	
lähettiläs	N	
litium	N	
kuvanveistäjä	N	
jäämeri	N	
eksistentialismi	N	
bosoni	N	
anarkisti	N	
aloittaminen	N	
yhteistoiminta	N	
valtataistelu	N	
tarkastelu	N	
sisätila	N	
sissisota	N	
sara	N	
salaus	N	
populaarikulttuuri	N	
perustajajäsen	N	
ottaminen	N	
ortodoksi	N	
nimimerkki	N	
metroasema	N	
maankohoaminen	N	
kunniamerkki	N	
kofeiini	N	
klubi	N	
kenraalimajuri	N	
high	N	
avajainen	N	
yläosa	N	
yhdystie	N	
valtiovalta	N	
työväenliike	N	
steinerkoulu	N	
ryhmittymä	N	
läpimitta	N	
linjaus	N	
levytys	N	
kävijä	N	
kotikaupunki	N	
kives	N	
kieltäminen	N	
juontaja	N	
golf	N	
atolli	N	
asuma	N	
asukasmäärä	N	
arvostettu	N	
taidemusiikki	N	
suomenlinna	N	
software	N	
radiokanava	N	
pesintä	N	
ohjelmoija	N	
neljäsosa	N	
luokitus	N	
käkisalmi	N	
korjaus	N	
koneisto	N	
essee	N	
ajoitus	N	
ylioppilaskunta	N	
vastahyökkäys	N	
valtuus	N	
valtionhoitaja	N	
unkari	N	
tutkimuslaitos	N	
tietoliikenne	N	
taistolainen	N	
mekanismi	N	
kunnioitus	N	
kultamitali	N	
kommunistipuolue	N	
kirjoitusasu	N	
keksi	N	
kauhu	N	
kantakaupunki	N	
iiri	N	
hermeneutiikka	N	
harjoittaja	N	
anne	N	
välttäminen	N	
sukukypsä	N	
normi	N	
live	N	
levittäminen	N	
kulttuuriympäristö	N	
biokaasu	N	
avaruusalus	N	
valitsijamies	N	
ulkoministeriö	N	
selkäpuoli	N	
rauhanpalkinto	N	
oleminen	N	
lahjoitus	N	
kontrolli	N	
helluntaiseurakunta	N	
arabimaa	N	
veto-oikeus	N	
thai	N	
suuralue	N	
sisäpolitiikka	N	
radioaallot	N	
radikaali	N	
neekeri	N	
laulukilpailu	N	
instituutti	N	
huopalahti	N	
homoseksuaali	N	
hirviö	N	
estetiikka	N	
ylähuone	N	
ylivoima	N	
vapaussota	N	
valta-asema	N	
vaalitapa	N	
ultraviolettisäteily	N	
työelämä	N	
toimintatapa	N	
supernova	N	
sofisti	N	
rockmusiikki	N	
päivälehti	N	
pyhimys	N	
puutavara	N	
protesti	N	
olympiastadion	N	
nautinto	N	
muotokuva	N	
leveyspiiri	N	
laukaisu	N	
kivimäki	N	
keskeytys	N	
kelvin	N	
kansalaisjärjestö	N	
kansainyhteisö	N	
epäily	N	
duuma	N	
aluejako	N	
vesialue	N	
vasemmistonuori	N	
vapaa-ajaika	N	
vaaliliitto	N	
syndrooma	N	
sivilisaatio	N	
sijoittaja	N	
sadekausi	N	
raide	N	
pääsarja	N	
porvaristo	N	
pastori	N	
operaattori	N	
ontologia	N	
nelson	N	
muura	N	
metanoli	N	
kirjallisuuspalkinto	N	
kaatuminen	N	
jakautuminen	N	
holokausti	N	
brändi	N	
alkoholismi	N	
alkoholijuoma	N	
trilogia	N	
syysmuutto	N	
sotatila	N	
skandaali	N	
rajapinta	N	
metsätalous	N	
maataloustuote	N	
legioona	N	
laskutoimitus	N	
korkeusero	N	
kansanmusiikki	N	
kampus	N	
everstiluutnantti	N	
alkeishiukkanen	N	
aateli	N	
valtiovarainministeri	N	
tiedustelupalvelu	N	
tavaraliikenne	N	
sähkömoottori	N	
sydänkohtaus	N	
sivusta	N	
sarjataso	N	
pommi-isku	N	
osallistuja	N	
maitotuote	N	
lähiö	N	
lumipeite	N	
kuiperä	N	
kreivikunta	N	
konetyyppi	N	
hobitti	N	
genetiivi	N	
etelämantere	N	
celsiusaste	N	
blogi	N	
arkikieli	N	
anarkismi	N	
suuriruhtinas	N	
romahdus	N	
ralli	N	
puolustaminen	N	
paperitehdas	N	
neuvostojoukko	N	
moskeija	N	
monarkki	N	
metsäpeura	N	
loppuottelu	N	
kivikirkko	N	
kirjasarja	N	
kaupunginhallitus	N	
imago	N	
eliitti	N	
ajaminen	N	
välirauha	N	
veteraani	N	
tutkimustulos	N	
traakia	N	
terrori-isku	N	
taajuusalue	N	
super	N	
salamurha	N	
rockyhtye	N	
rannikkoalue	N	
raitiotie	N	
puulaji	N	
pioneeri	N	
oppikoulu	N	
meemi	N	
luopuminen	N	
loppukesä	N	
loimijoki	N	
kuvaaminen	N	
kompleksiluku	N	
hallitsijasuku	N	
erikoisjoukko	N	
albumilista	N	
yhteensopiva	N	
ydinvoimalaitos	N	
ydinvoimalaitos	N	
varpuslintu	N	
valtiopäivä	N	
tukiasema	N	
pragmatismi	N	
parras	N	
paasilinna	N	
osallisuus	N	
orgasmi	N	
levytyssopimus	N	
kirkkopitäjä	N	
kauppapaikka	N	
kategoria	N	
kaista	N	
itärintama	N	
iltapäivä	N	
haaparanta	N	
empire	N	
astrologia	N	
väre	N	
valloittaja	N	
vaellus	N	
työskentely	N	
tavaramerkki	N	
tappaminen	N	
sinfoniaorkesteri	N	
sensuuri	N	
saariryhmä	N	
rauhanneuvottelut	N	
ratsastus	N	
puuta	N	
nuorsuomalainen	N	
matkustajaliikenne	N	
matkailukohde	N	
kuulustelu	N	
kiihtyvyys	N	
kasvattaminen	N	
ikävuosi	N	
etenemä	N	
autisti	N	
viestin	N	
vatikaanivaltio	N	
vanhakaupunki	N	
tutkimuskohde	N	
teollisuusalue	N	
sääntökunta	N	
syöminen	N	
sotasaalis	N	
ruokalaji	N	
raideleveys	N	
perusopetus	N	
näkyvyys	N	
nummi	N	
muuttoaika	N	
mielenosoittaja	N	
maailmanmestaruusottelu	N	
lähiverkko	N	
leveysaste	N	
laskeutuminen	N	
kontakti	N	
konsoli	N	
kide	N	
kaupunkialue	N	
kanootti	N	
hiilivety	N	
alkupuolisko	N	
ylimystö	N	
yhteiskuntaluokka	N	
vastalause	N	
torjunta	N	
tora	N	
todellisuuskäsitys	N	
suunnitelmatalous	N	
ruokakulttuuri	N	
runokokoelma	N	
palaminen	N	
onnistuminen	N	
mustanaamio	N	
matriisi	N	
maamerkki	N	
luotettavuus	N	
koordinaatisto	N	
keskustapuolue	N	
keskusliitto	N	
keskiluokka	N	
keramiikka	N	
kanadalainen	N	
hiukkasfysiikka	N	
fenomenologia	N	
apulanta	N	
työttömyysaste	N	
ratkaiseminen	N	
pätevyys	N	
punakaartilainen	N	
paradigma	N	
palomuuri	N	
painotus	N	
noudattaminen	N	
neitsy	N	
mielikuva	N	
materialismi	N	
kuuluisuus	N	
konfederaatio	N	
khmer	N	
kaivostoiminta	N	
ikoni	N	
hylkääminen	N	
huippuvuori	N	
geologia	N	
apuväline	N	
antaminen	N	
videopeli	N	
uudistaminen	N	
työehtosopimus	N	
spin	N	
sosiaaliturva	N	
sisäministeri	N	
santahamina	N	
sanskrit	N	
salaliittoteoria	N	
räjähdysaine	N	
panssari	N	
onnellisuus	N	
nostaminen	N	
marxismi	N	
maailmanpankki	N	
kuninkuus	N	
koro	N	
kansallisteatteri	N	
jatkaminen	N	
hyötysuhde	N	
harjujakso	N	
väliaine	N	
vastapuoli	N	
vapaakirkko	N	
timantti	N	
saaga	N	
pönttö	N	
päätalo	N	
puolustusministeriö	N	
pudotuspeli	N	
potku	N	
nisäkäslaji	N	
mielialahäiriö	N	
maailmanennätys	N	
liika	N	
lautapeli	N	
kurdi	N	
kulttuurikeskus	N	
kultti	N	
konekieli	N	
kantoni	N	
hyvinvointivaltio	N	
avaruusluotain	N	
apartheid	N	
yläkoulu	N	
ydinkeskusta	N	
väärinkäytös	N	
viikonloppu	N	
veljenpoika	N	
vastakkainasettelu	N	
tutkinta	N	
todistusaineisto	N	
tietoteoria	N	
teollisuusmaa	N	
televisio-ohjelma	N	
syrjintä	N	
sooloalbumi	N	
solisti	N	
saali	N	
runkosarja	N	
rautaristi	N	
protektoraatti	N	
prosessori	N	
osakilpailu	N	
nitroglyseriini	N	
metsäkauris	N	
liike-elämä	N	
keskusjärjestö	N	
kansalaisoikeus	N	
jersey	N	
humanismi	N	
henkilöliikenne	N	
heikkeneminen	N	
energianlähde	N	
biologi	N	
areena	N	
altruismi	N	
ääntely	N	
vallankumouksellinen	N	
ulkosaaristo	N	
työväestö	N	
turve	N	
topologia	N	
toivomus	N	
tapahtumapaikka	N	
taistelukenttä	N	
soittaminen	N	
senaatintori	N	
selusta	N	
sekaannus	N	
pyöriminen	N	
piirijärjestö	N	
nimipäivä	N	
neliömetri	N	
maili	N	
maanviljelys	N	
lassi	N	
lajityyppi	N	
kauppasaarto	N	
imperatiivi	N	
herttuakunta	N	
eurovisio	N	
euroalue	N	
edustusjoukkue	N	
edustajakokous	N	
departementti	N	
asuminen	N	
antautuminen	N	
alkuperäisasukas	N	
aiheuttaja	N	
yhteiskuntatiede	N	
virhi	N	
vapaa-ajattelija	N	
urku	N	
tutkimusmatkailija	N	
tunnistaminen	N	
tulonlähde	N	
subjekti	N	
slaavi	N	
opiskeluaika	N	
nuorisoliitto	N	
myymälä	N	
maalaustaide	N	
linja-autoasema	N	
kunniatohtori	N	
kukistaminen	N	
korkeakoulututkinto	N	
konsertto	N	
khmeri	N	
kansleri	N	
kaanon	N	
grafiikka	N	
formaatti	N	
fermioni	N	
esikoislestadiolaisuus	N	
epäonnistuminen	N	
aurinkotuuli	N	
ateenalainen	N	
armenialainen	N	
yksityishenkilö	N	
vesireitti	N	
veljeskunta	N	
vakoilu	N	
vahvistaminen	N	
tarkkailija	N	
taikuus	N	
suojeluskuntalainen	N	
slangi	N	
sisämaavaltio	N	
sananvapaus	N	
resistanssi	N	
osuuskauppa	N	
olympiakomitea	N	
monumentti	N	
mata	N	
marxilaisuus	N	
lähettäminen	N	
lopputurnaus	N	
leppävaara	N	
ledi	N	
kirkkoisä	N	
kapellimestari	N	
kapasitanssi	N	
huvipuisto	N	
globalisaatio	N	
etymologia	N	
biisoni	N	
tragedia	N	
talvehtimisalue	N	
suojelija	N	
soundi	N	
sortokausi	N	
slovakki	N	
seremonia	N	
sarjamurhaaja	N	
samurai	N	
saattue	N	
ruanda	N	
popmusiikki	N	
palanen	N	
objekti	N	
määrittäminen	N	
musikaali	N	
morfiini	N	
monimuotoisuus	N	
metsätammi	N	
maapinta-ala	N	
läänitys	N	
luterilaisuus	N	
käännekohta	N	
kotitietokone	N	
kotiseutumuseo	N	
kenraaliluutnantti	N	
instrumentti	N	
ihailija	N	
explorer	N	
etsiminen	N	
dieselmoottori	N	
anatomia	N	
ydinkoe	N	
väestöjakauma	N	
vapaakauppa	N	
vallankaappausyritys	N	
vallankaappausyritys	N	
valistusaika	N	
tekojärvi	N	
talousuudistus	N	
synnytys	N	
suomusjärvi	N	
suoalue	N	
sotamarsalkka	N	
sotakorvaus	N	
solmukohta	N	
salibandy	N	
saarivaltio	N	
ruoholahti	N	
roskaposti	N	
puoliintumisaika	N	
pikavuoro	N	
pienviljelijä	N	
parimäärä	N	
panimo	N	
ottomaani	N	
marxismileninismi	N	
maksimi	N	
luenta	N	
loppuminen	N	
linnake	N	
lentäminen	N	
kellotaajuus	N	
katastrofi	N	
häirintä	N	
hollanti	N	
ekspressionismi	N	
buddhalainen	N	
ammattiyhdistysliike	N	
alueliitos	N	
zarathustralaisuus	N	
vastustaminen	N	
valtionuskonto	N	
vallanpitäjä	N	
vaalivoitto	N	
tuotemerkki	N	
tuomittu	N	
tietokonepeli	N	
tietojenkäsittelytiede	N	
sketsi	N	
perus	N	
pelle	N	
matkustajamäärä	N	
markkinaosuus	N	
lisensiaatti	N	
liikennöinti	N	
kylpylä	N	
kultalevy	N	
katalaani	N	
kalalaji	N	
kaappaaja	N	
jättäminen	N	
jumalatar	N	
intuitio	N	
internationaali	N	
ihmisryhmä	N	
hymni	N	
hunni	N	
herääminen	N	
byrokratia	N	
asettaminen	N	
yövartijavaltio	N	
yleislakko	N	
ydinpolttoaine	N	
välittäminen	N	
valtiomuoto	N	
valtaväestö	N	
utilitarismi	N	
uimaranta	N	
tärkeys	N	
tuberkuloosi	N	
torjuminen	N	
tammisalo	N	
sovellutus	N	
sotaväki	N	
skitsofrenia	N	
reformaatio	N	
puoluerekisteri	N	
punasolu	N	
psykoosi	N	
opetusministeriö	N	
miss	N	
menettely	N	
mandaatti	N	
lähipiiri	N	
lyhytelokuva	N	
laajentaminen	N	
kymmenesosa	N	
korvaaminen	N	
kollega	N	
kokonaispinta-ala	N	
kokonaispinta-ala	N	
koivukylä	N	
kehittely	N	
karvoitus	N	
kantama	N	
kaatunut	N	
ilmavoitto	N	
glukoosi	N	
episodi	N	
atomipommi	N	
aktiivi	N	
äänikynnys	N	
yksityistäminen	N	
väkijoukko	N	
vakaumus	N	
työasema	N	
tulivuorenpurkaus	N	
rautatieyhteys	N	
rauhansanalaisuus	N	
rajoittaminen	N	
proletariaatti	N	
positivismi	N	
pelisarja	N	
nauta	N	
naispappeus	N	
meijeri	N	
lukutaito	N	
lotta	N	
lajike	N	
laajentuminen	N	
kohtaaminen	N	
katsoma	N	
kastilika	N	
jokeri	N	
henkilökultti	N	
hemoglobiini	N	
fantasia	N	
elinvuosi	N	
alunperä	N	
ympärysvalta	N	
ydinreaktori	N	
virkakausi	N	
vastarintaliike	N	
vaikutuspiiri	N	
tuhoutuminen	N	
tilaus	N	
tilastokeskus	N	
tervanpoltto	N	
sijoittaminen	N	
seinämä	N	
sari	N	
reuna-alue	N	
pähkinäsaari	N	
profiili	N	
potentiaali	N	
pohjoisrannikko	N	
pohjoisraja	N	
pohjoisranta	N	
pilvenpiirtäjä	N	
perl	N	
parametri	N	
orjakauppa	N	
muodostuma	N	
moduuli	N	
merivesi	N	
mannerjäätikkö	N	
lainaus	N	
lahjakkuus	N	
käyttökohde	N	
kuve	N	
kuumuus	N	
kumoaminen	N	
kreetalainen	N	
klassismi	N	
kieliryhmä	N	
ketjureaktio	N	
kalifi	N	
itäkeskus	N	
housu	N	
fretti	N	
eroaminen	N	
antropologia	N	
wigwam	N	
työväentalo	N	
tritoni	N	
rynnäkkökivääri	N	
päätelaite	N	
patriarkaatti	N	
osio	N	
nationalisti	N	
mauri	N	
maskuliini	N	
länsivallat	N	
loppuosa	N	
lennätin	N	
kupee	N	
kunnantalo	N	
kultakanta	N	
kotisivu	N	
kiertoaika	N	
kehitysvaihe	N	
kaupungistuminen	N	
karsi	N	
kansanvaali	N	
kaakao	N	
joukkomurha	N	
fissio	N	
epäselvyys	N	
epidemia	N	
elokuvajuhlat	N	
avaruuslento	N	
asuttaminen	N	
ammattikorkeakoulututkinto	N	
ammattikorkeakoulututkinto	N	
akselivallat	N	
aihepiiri	N	
ääntämys	N	
wicca	N	
viljelysmaa	N	
verkkosivu	N	
vedenpinta	N	
työtoveri	N	
tutkimustyö	N	
tekstiviesti	N	
suomenruotsalainen	N	
sotilasvallankaappaus	N	
sotilasjuntta	N	
sanoittaja	N	
puola	N	
oikeuslaitos	N	
näennäistiede	N	
merenlahti	N	
lähettäjä	N	
loppuelämä	N	
käytettävyys	N	
kunnallishallinto	N	
kielimuoto	N	
jääkäripataljoona	N	
innoitus	N	
hindu	N	
hiiliatomi	N	
hiekkaharju	N	
haavoittunut	N	
eutanasia	N	
eugeniikka	N	
ethernet	N	
derivaatta	N	
bengali	N	
bebop	N	
avaruussukkula	N	
askele	N	
arvostelma	N	
anto	N	
aika-ajo	N	
äänitys	N	
yleisyys	N	
voittaminen	N	
vesistöalue	N	
vesijärvi	N	
vankeustuomio	N	
valuuttarahasto	N	
vaja	N	
tietosanakirja	N	
tavoittelu	N	
syyllisyys	N	
soveltaminen	N	
skyytti	N	
siirtolaisuus	N	
romania	N	
päätepiste	N	
peruspiiri	N	
pelikonsoli	N	
olympiamitali	N	
olio-ohjelmointi	N	
norsunluurannikko	N	
nauhoitus	N	
museovirasto	N	
materia	N	
magia	N	
kuvataiteilija	N	
kulosaari	N	
kosketinsoittaja	N	
korjaaminen	N	
keulakuva	N	
kaupunkioikeus	N	
kasvis	N	
kasvatti	N	
kasarmi	N	
kanadanmajava	N	
kadettikoulu	N	
jalkapallojoukkue	N	
jaarli	N	
hajottaminen	N	
eteläranta	N	
esikoisalbumi	N	
erilaisuus	N	
boikotti	N	
barbaari	N	
avaruusjärjestö	N	
auringonvalo	N	
öljyvarat	N	
yleisesikunta	N	
vuoristoalue	N	
vasemmistopuolue	N	
tieteenfilosofia	N	
terveydenhoito	N	
tataari	N	
talousvaikeus	N	
syttyminen	N	
suurmestari	N	
suurhyökkäys	N	
sotilastukikohta	N	
sisäänkäynti	N	
rataosa	N	
rataosuus	N	
polttoväli	N	
pikkukaupunki	N	
näkemä	N	
nykyihminen	N	
maapähkinä	N	
länsiväylä	N	
linnavuori	N	
lapinjärvi	N	
kulttuurivallankumous	N	
kruununprinssi	N	
kosmologia	N	
koodaus	N	
kiehumispiste	N	
kesäkisat	N	
kauppareitti	N	
jakomäki	N	
itäranta	N	
idealismi	N	
feminiini	N	
entropia	N	
cicero	N	
ampuja	N	
ampeeri	N	
örkki	N	
ympäristövaikutus	N	
ylänköalue	N	
välirikko	N	
viljelys	N	
viisivuotiskausi	N	
vastaisku	N	
valtapiiri	N	
terveydentila	N	
tarkkailu	N	
säätely	N	
sähköntuotanto	N	
satunnaismuuttuja	N	
saksi	N	
ratsumies	N	
raatihuone	N	
punkalaidun	N	
pituuspiiri	N	
paikallisjuna	N	
osakkeenomistaja	N	
oksidi	N	
ohjelmakoodi	N	
ohjaaminen	N	
napalakki	N	
mekka	N	
maankuori	N	
luonnonvalinta	N	
liittokansleri	N	
liikkuvuus	N	
lavansaari	N	
kuvanveisto	N	
kontrabasso	N	
kanssakäyminen	N	
judo	N	
jodi	N	
ikäraja	N	
haltio	N	
hallussapito	N	
debyyttialbumi	N	
alkukesä	N	
aalto-yliopisto	N	
yliannostus	N	
yleisnimitys	N	
välimuoto	N	
viittoma	N	
vietnamilainen	N	
vetypommi	N	
työväenluokka	N	
totuusarvo	N	
tieteiskirjallisuus	N	
termodynamiikka	N	
teekkari	N	
tamili	N	
taiteilijanimi	N	
syrjäyttäminen	N	
suomenruotsi	N	
suomalaisuus	N	
sotilasura	N	
sotarikos	N	
saaristomeri	N	
rautatieliikenne	N	
pätkä	N	
puoluejohtaja	N	
potkuri	N	
poliisivoima	N	
poistuminen	N	
osasyy	N	
oppositiopuolue	N	
oopiumi	N	
merijalkaväki	N	
mannerlaatta	N	
maailmancup	N	
länsiraja	N	
loppuaika	N	
liki	N	
lentopaikka	N	
laikku	N	
kävelykatu	N	
kuolonuhri	N	
kirkkorakennus	N	
kansanarmeija	N	
kaksikko	N	
joutsi	N	
jalkapalloilija	N	
itäblokki	N	
insuliini	N	
harmonia	N	
gammasäteily	N	
erikoistuminen	N	
epäkohta	N	
energiantuotanto	N	
efekti	N	
botti	N	
berberi	N	
avaruusasema	N	
atari	N	
antropologi	N	
anomus	N	
alkuosa	N	
yleistys	N	
yksilönvapaus	N	
yhteistyösopimus	N	
värillinen	N	
viljelykasvi	N	
vietto	N	
veikkausliiga	N	
varhaishistoria	N	
valtiomies	N	
ulkomaailma	N	
turvallisuuspalvelu	N	
televisiolähetys	N	
taolaisuus	N	
tamil	N	
resoluutio	N	
rakastettu	N	
päätösvalta	N	
päätöslauselma	N	
pääjoukko	N	
puolijohde	N	
promille	N	
pojanpoika	N	
piirtäminen	N	
pihapiiri	N	
pienaakkonen	N	
paluumatka	N	
olympiakulta	N	
muuttomatka	N	
murros	N	
mormoni	N	
mobile	N	
metalliseos	N	
merkintö	N	
merenpohja	N	
mandariinikiina	N	
löytäjä	N	
loukkaantuminen	N	
loisteho	N	
linnanmäki	N	
käyttötapa	N	
kokoaminen	N	
kognitiotiede	N	
kiirastuli	N	
kerääminen	N	
karate	N	
jokivarsi	N	
hävittäminen	N	
historiankirjoitus	N	
hedelmällisyys	N	
havaitsija	N	
hallitseminen	N	
hallintojärjestelmä	N	
germaani	N	
galleria	N	
elämänvaihe	N	
diplomatia	N	
beat	N	
baseball	N	
ammunta	N	
algebra	N	
ääninäyttelijä	N	
yhtäläisyys	N	
vastaaja	N	
urheilukeskus	N	
tuotantotalous	N	
tieverkko	N	
talousjärjestelmä	N	
skolastiikka	N	
sisäministeriö	N	
rugby	N	
riippumattomuus	N	
rahapolitiikka	N	
päävyöhyke	N	
päärautatieasema	N	
puutalo	N	
puolitoinen	N	
puolestapuhuja	N	
puhtaus	N	
polttaminen	N	
polo	N	
politbyroo	N	
osakunta	N	
omaelämäkerta	N	
oheislaite	N	
näkeminen	N	
neon	N	
musiikkiopisto	N	
muistopäivä	N	
monimutkaisuus	N	
mahtavuus	N	
maakuntajoukko	N	
maailmankuulu	N	
lääkehoito	N	
linja-autoliikenne	N	
lapsikuolleisuus	N	
kukistuminen	N	
kronikka	N	
korvaaja	N	
koodinimi	N	
konepistooli	N	
kominterni	N	
kokoontuminen	N	
kokoelmalevy	N	
kauppakomppania	N	
kansansuosio	N	
juniori	N	
junior	N	
johtohenkilö	N	
jatkumo	N	
jalkaväkirykmentti	N	
intressi	N	
ihmisasutus	N	
gravitaatio	N	
doomi	N	
business	N	
asuintalo	N	
antisemitismi	N	
alkukirjain	N	
alkoholinkäyttö	N	
aliohjelma	N	
alaosa	N	
ympäristöongelma	N	
yhteenliittymä	N	
uusinta	N	
tunnustuskirja	N	
toteutuminen	N	
tietojärjestelmä	N	
tietoturva	N	
teollisuuslaitos	N	
tehopiste	N	
taekwondo	N	
tabu	N	
sihteeristö	N	
romahtaminen	N	
puoluejohto	N	
prefektuuri	N	
piirroselokuva	N	
papyrus	N	
organismi	N	
omainen	N	
oikeusministeri	N	
ohmi	N	
nimeäminen	N	
myyminen	N	
metrolinja	N	
mari	N	
luonnonlaki	N	
lukujoukko	N	
lintulauta	N	
kruununperillinen	N	
kokonaismäärä	N	
koillismaa	N	
kirjoitusmerkki	N	
keskusvalta	N	
keskittymä	N	
kasvaminen	N	
kansallisvaltio	N	
kansallismuseo	N	
kansalaisyhteiskunta	N	
johdinauto	N	
jaosto	N	
itsetyydytys	N	
itsenäisyysjulistus	N	
ideologi	N	
hertsi	N	
henkilöhahmo	N	
genre	N	
formaali	N	
eteläkärki	N	
eroavaisuus	N	
epikurolaisuus	N	
biopolttoaine	N	
asiakassolmu	N	
arkipäivä	N	
ampu	N	
ammoniakki	N	
albaani	N	
alaluokka	N	
aksiooma	N	
ääripää	N	
ylioppilaslehti	N	
väliaikaishallitus	N	
väliaika	N	
virtahepo	N	
videopeli	N	
vaalikausi	N	
uskottu	N	
tukahduttaminen	N	
tiedostojärjestelmä	N	
syntaksi	N	
suojaaminen	N	
skeptikko	N	
runoelma	N	
rikko	N	
reserviläinen	N	
päivälämpötila	N	
pronomini	N	
professuuri	N	
pesimäalue	N	
paroni	N	
palveluala	N	
palotie	N	
normanni	N	
nollapiste	N	
motti	N	
maaorjuus	N	
kustantamo	N	
kukoistus	N	
kriketti	N	
koulutusohjelma	N	
kauppakumppani	N	
kanuuna	N	
kalakukko	N	
juntta	N	
julmuus	N	
induktio	N	
ilma-alus	N	
harhaoppi	N	
hallintokausi	N	
hakkeri	N	
haittavaikutus	N	
golfkenttä	N	
etymologi	N	
eteläraja	N	
erikoismerkki	N	
epäsuosio	N	
ammattiopisto	N	
alkemisti	N	
äänioikeutettu	N	
ääniosuus	N	
visio	N	
uskottavuus	N	
uiguuri	N	
tutkimusmatka	N	
tiedeyhteisö	N	
terveysjärjestö	N	
tektiitti	N	
tekstiiliteollisuus	N	
taskukirja	N	
tarke	N	
tammisalko	N	
säteilyannos	N	
sähköenergia	N	
superpesis	N	
suojeluskuntajärjestö	N	
sulaminen	N	
somali	N	
sodanjulistus	N	
sfinksi	N	
serotoniini	N	
salakuljetus	N	
saaliseläin	N	
rakastajatar	N	
rahaliitto	N	
proosa	N	
pitopaikka	N	
pianisti	N	
pappeus	N	
palkkasoturi	N	
paikallislehti	N	
osanen	N	
olympiavoittaja	N	
oikeutus	N	
oikeusministeriö	N	
ohjain	N	
muumi	N	
mieltymys	N	
maallikko	N	
maailmannäyttely	N	
maailmankiertue	N	
käskynhaltija	N	
kreoli	N	
kranaatinheitin	N	
kotiottelu	N	
kasvupaikka	N	
kasvinsyöjä	N	
kansanlähetys	N	
jooga	N	
itsevaltius	N	
ikonoklasmi	N	
hyve-etiikka	N	
heraldiikka	N	
harppaus	N	
fosfaatti	N	
feminismi	N	
ensiesiintyminen	N	
dubbaus	N	
deflaatio	N	
alkemia	N	
alajuoksu	N	
äänenkannattaja	N	
ylläpitäjä	N	
wiki	N	
varoitusääni	N	
varikko	N	
variantti	N	
varajäsen	N	
vanhasuomalainen	N	
vakuutusyhtiö	N	
vaalikampanja	N	
uniapnea	N	
tutkimusryhmä	N	
tuotantolaitos	N	
tuhoamisleiri	N	
totalitarismi	N	
toisto	N	
toimialue	N	
terapia	N	
teknologi	N	
symboliikka	N	
suuraakkonen	N	
sulttaanikunta	N	
singlelista	N	
sijaintipaikka	N	
sijamuoto	N	
siirtomaa-aika	N	
sauk	N	
saarikoski	N	
ratsastaja	N	
rataverkko	N	
rahoittaja	N	
pääryhmä	N	
predikaattilogiikka	N	
popperä	N	
pohjantähti	N	
otto	N	
olympia	N	
oikeusasiamies	N	
ohilento	N	
näyttämä	N	
näytelmäkirjailija	N	
nuorisojärjestö	N	
nuijasota	N	
naapurivaltio	N	
myrkyllisyys	N	
murto-osa	N	
murhayritys	N	
mieto	N	
merta	N	
massamuisti	N	
maakuntakeskus	N	
maakuntakeskus	N	
lähiliikenne	N	
luovuttaminen	N	
logos	N	
lentotukikohta	N	
lehtimies	N	
käyminen	N	
kytkös	N	
kuntayhtymä	N	
koulutusjärjestelmä	N	
korostaminen	N	
konservatismi	N	
kolmikko	N	
kilta	N	
kaupunginteatteri	N	
kattojärjestö	N	
karma	N	
kantasolu	N	
kannattavuus	N	
kaliiperi	N	
häviäminen	N	
historiantutkimus	N	
hindi	N	
helpottaminen	N	
hakaniemi	N	
etuosa	N	
emäpitäjä	N	
elokuvateollisuus	N	
elintarviketeollisuus	N	
elinkeinorakenne	N	
dominikaani	N	
diodi	N	
aurajoki	N	
ainesosa	N	
ydinalue	N	
voimanlähde	N	
viritys	N	
vietnam	N	
valkovenäjä	N	
urheilutapahtuma	N	
ultra	N	
turvallisuuspoliisi	N	
tunnuslause	N	
tuhatkauno	N	
touko-kesäkuu	N	
toisinajattelija	N	
tiedonvälitys	N	
teiniliitto	N	
teekkarilakki	N	
tantrismi	N	
tallikaveri	N	
takaosa	N	
sivuvaikutus	N	
seinämaalaus	N	
saunalahti	N	
rautaruukki	N	
pääsana	N	
puunilaissota	N	
pukeutuminen	N	
pudasjärvi	N	
pelastaminen	N	
parodia	N	
paavius	N	
oopiumisota	N	
olympiatuli	N	
odotusarvo	N	
observatorio	N	
myönnytys	N	
muistikortti	N	
muinaisjäännös	N	
ministerineuvosto	N	
metsämaa	N	
mestariteos	N	
matka-aika	N	
maja	N	
länsimetro	N	
liukuportaat	N	
liittokunta	N	
leirintäalue	N	
käärinliina	N	
kuusivuotias	N	
kutsuääni	N	
kulttuurielämä	N	
kulkuväline	N	
kroaatti	N	
kotiteollisuus	N	
kotiaresti	N	
konttori	N	
kokoluokka	N	
kirjoitustaito	N	
keskuspaikka	N	
kehärata	N	
kaupunkiseutu	N	
kauppakamari	N	
kampusalue	N	
kalliovuori	N	
jäsenjärjestö	N	
joukkotiedotusväline	N	
impedanssi	N	
havukoski	N	
gigatavu	N	
evoluutioteoria	N	
eläminen	N	
eläinkunta	N	
astrologi	N	
aselaji	N	
aistihavainto	N	
älymystö	N	
yläjuoksu	N	
yleissopimus	N	
yksityisomistus	N	
ykseys	N	
yhteistyökumppani	N	
välilyönti	N	
vierailija	N	
vastatoimi	N	
variaatio	N	
vantaanjoki	N	
valve	N	
valtiotiede	N	
valtakunnanoikeus	N	
vallankäyttö	N	
vaatetus	N	
uudisasutus	N	
toiminnallisuus	N	
tilaaja	N	
testaus	N	
terveysvaikutus	N	
tanska	N	
tallennus	N	
taistolaisuus	N	
suihkumoottori	N	
stoalaisuus	N	
sotilaskoulutus	N	
sotavoimat	N	
soololevy	N	
singulariteetti	N	
seuraaminen	N	
semantiikka	N	
selkkaus	N	
sadeniemi	N	
roolihahmo	N	
ratsu	N	
rationalismi	N	
rantaniitty	N	
radon	N	
pääkatu	N	
pääravinto	N	
pääkirkko	N	
presidenttiys	N	
pilari	N	
paikallisosasto	N	
optio	N	
omanlainen	N	
odysseia	N	
näkökanta	N	
nousema	N	
norppa	N	
murtaminen	N	
metalliyhtye	N	
meta	N	
messias	N	
maolainen	N	
malaria	N	
magnitudi	N	
lyöjä	N	
liikemäärä	N	
lepakkolaji	N	
lati	N	
käräjä	N	
kuvernementti	N	
kultakausi	N	
kulmakivi	N	
kuilu	N	
koordinaatti	N	
kompleksi	N	
koijärvi	N	
keskitaso	N	
kansanopisto	N	
kalmari	N	
kalle	N	
junayhteys	N	
itsenäisyysliike	N	
itsenäisyyssota	N	
inspiraatio	N	
innostus	N	
influenssa	N	
ihmisoikeusjärjestö	N	
huumausainerikos	N	
hoitomuoto	N	
hermosolu	N	
gospel	N	
foto	N	
epäpuhtaus	N	
ennustaminen	N	
eläkeläinen	N	
eepos	N	
colosseum	N	
asiayhteys	N	
arkielämä	N	
argentiinalainen	N	
aramea	N	
analysointi	N	
alttoviulu	N	
öljy-yhtiö	N	
ystävyyskaupunki	N	
vähittäiskauppa	N	
väestömäärä	N	
vuorijalava	N	
verkkopalvelu	N	
varustus	N	
tuotantoyhtiö	N	
tuloero	N	
tuliase	N	
toimintakyky	N	
taistelulaiva	N	
taiga	N	
suurlakko	N	
suomenmestaruus	N	
sotilashallinto	N	
sosiologi	N	
sosiaalidemokratia	N	
sivistyneistö	N	
siviiliväestö	N	
sissiliike	N	
seldžukki	N	
samankaltaisuus	N	
salaseura	N	
risteysasema	N	
risteilyohjus	N	
reformi	N	
radiolähetys	N	
radio-ohjelma	N	
raappa	N	
päättäjä	N	
päiväsakko	N	
puhkeaminen	N	
pudonnut	N	
potentiaalienergia	N	
positroni	N	
poikkeuslaki	N	
poikkeavuus	N	
pensaikko	N	
palestiinalaishallinto	N	
osuuspankki	N	
näätäeläin	N	
nälkävuosi	N	
novellikokoelma	N	
nestekidenäyttö	N	
mäenpää	N	
mystiikka	N	
muuli	N	
monipuoluejärjestelmä	N	
mikropiiri	N	
mikroaallot	N	
metropoli	N	
merkkijono	N	
meduusa	N	
mannerilmasto	N	
madonna	N	
maareformi	N	
luontokohde	N	
lajisto	N	
lady	N	
käsipallo	N	
kyyditys	N	
kuvalehti	N	
kuolemantapaus	N	
kuntalainen	N	
kunnioittaminen	N	
kuluminen	N	
kulttuuripiiri	N	
kulttuurikohde	N	
kosketinsoitin	N	
koodekki	N	
kohoaminen	N	
kohderyhmä	N	
kesti	N	
keskustelupalsta	N	
kemianteollisuus	N	
keisarius	N	
kehitysvammaisuus	N	
kaupunginkirjasto	N	
karkotus	N	
karkauspäivä	N	
kanslia	N	
jääkäriliike	N	
junaliikenne	N	
jeni	N	
informaatiosodankäynti	N	
gondori	N	
fresko	N	
entiteetti	N	
eliölaji	N	
bussilinja	N	
biljoona	N	
belgialainen	N	
asennus	N	
alkeisvaraus	N	
ääniraita	N	
äänenvoimakkuus	N	
yritystoiminta	N	
yleisnimi	N	
yksipuoluejärjestelmä	N	
visigootti	N	
viiltäjä	N	
vasalli	N	
vantaankoski	N	
valtiovierailu	N	
valtioliitto	N	
universaali	N	
trio	N	
tooni	N	
tietämättömyys	N	
teollisuustuotanto	N	
talvikisat	N	
tajunta	N	
suojelupoliisi	N	
rakennushanke	N	
rajaseutu	N	
radium	N	
päätavoite	N	
proto	N	
pragmatisti	N	
pohjukka	N	
pesimäaika	N	
perusajatus	N	
persoonapronomini	N	
paraati	N	
panssarointi	N	
paikallisjunaliikenne	N	
paikallisjunaliikenne	N	
otsonikerros	N	
oppositiojohtaja	N	
oikeuskansleri	N	
mikroprosessori	N	
maksaminen	N	
lääkitys	N	
luonnontieteilijä	N	
lukujono	N	
leptoni	N	
lambert	N	
kuviointi	N	
kouluvuosi	N	
kotietsintä	N	
kopla	N	
kirkkoherrakunta	N	
katana	N	
kalsium	N	
kaasukammio	N	
journalisti	N	
jin-dynastia	N	
intohimo	N	
ihmiselämä	N	
huumekauppa	N	
hallintopitäjä	N	
hadroni	N	
fobia	N	
etulinja	N	
etsivä	N	
diesel	N	
bulgaari	N	
biisi	N	
avesta	N	
arabiemiirikunta	N	
alttaritaulu	N	
aids	N	
vuosikausi	N	
vientitulo	N	
vesilintu	N	
varhaisvaihe	N	
varatuomari	N	
valtauskonto	N	
tuomaristo	N	
tummanruskea	N	
tiimi	N	
tele	N	
surrealismi	N	
suolapitoisuus	N	
sulkeminen	N	
strategi	N	
sotilaskäyttö	N	
sosiaalipsykologia	N	
sitoutuminen	N	
risteyskohta	N	
rekyyli	N	
rakennusmateriaali	N	
raja-arvo	N	
pääartikkeli	N	
punasiirtymä	N	
preesens	N	
polio	N	
perääntyminen	N	
peliaika	N	
pakinoitsija	N	
otelauta	N	
oppitunti	N	
olvi	N	
oikeusjärjestelmä	N	
oikeushenkilö	N	
nykytila	N	
nousukausi	N	
nimittäminen	N	
nimistö	N	
netti	N	
myöntäminen	N	
muokkaaminen	N	
metsävaahtera	N	
metsäteollisuus	N	
länsirintama	N	
luonnonsuojeluliitto	N	
luonnonilmiö	N	
lukiolainen	N	
listaykkönen	N	
liikekannallepano	N	
levitys	N	
kuuntelu	N	
kumo	N	
kulkuyhteys	N	
kukinta	N	
kruununperijä	N	
konteksti	N	
kommunikointi	N	
kieltäytyminen	N	
kielitieteilijä	N	
kesäteatteri	N	
keräily	N	
kansalliskaarti	N	
kaksoistähti	N	
intensiteetti	N	
insesti	N	
ilmatila	N	
ihmissuhde	N	
ihmisoikeusloukkaus	N	
höyhenpuku	N	
hiisi	N	
harmaanruskea	N	
hakusana	N	
hakunila	N	
haapamäki	N	
fosfori	N	
feodalismi	N	
erikoistehoste	N	
epävakaus	N	
emoyhtiö	N	
elokuvantekijä	N	
ehkäiseminen	N	
dynamiikka	N	
disko	N	
diplomaattisuhde	N	
determinismi	N	
debian	N	
burka	N	
bridge	N	
anime	N	
aamulehti	N	
whig-puolue	N	
välityspalvelin	N	
vuotias	N	
viikonpäivä	N	
verkkotunnus	N	
vararikko	N	
valonlähde	N	
valitseminen	N	
vaaleanpunainen	N	
tunnustaminen	N	
terveyspalvelu	N	
terveysministeriö	N	
teollisuuskaupunki	N	
taantuma	N	
säästöpankki	N	
sykloni	N	
surmaaminen	N	
suojaus	N	
sukukieli	N	
sukujuuri	N	
sotilashallitus	N	
sotilasdiktatuuri	N	
sotalaiva	N	
sisäpiiri	N	
semiotiikka	N	
semifinaali	N	
rotuerottelu	N	
rikkidioksidi	N	
rike	N	
rauhanehto	N	
randi	N	
rakennuskanta	N	
radiomafia	N	
päätehtävä	N	
pääelinkeino	N	
puhelinverkko	N	
portaali	N	
pohjoisvaltio	N	
pilotti	N	
painija	N	
ostaminen	N	
osoiteavaruus	N	
osinko	N	
omakuva	N	
mysteeri	N	
muistio	N	
motto	N	
moolimassa	N	
modus	N	
merkintätapa	N	
maya	N	
matkustaminen	N	
maraton	N	
länsimaalainen	N	
lähijuna	N	
loikka	N	
linnusto	N	
leopardi	N	
laskuteline	N	
laivastotukikohta	N	
kreatiini	N	
korpraali	N	
kolmoskanava	N	
kielitoimisto	N	
kevätpäiväntasaus	N	
keltti	N	
kehätie	N	
kasvinosa	N	
kartelli	N	
kantele	N	
kaksivuotias	N	
kaikupohja	N	
juopa	N	
julkisuuskuva	N	
jalanjälki	N	
infrapunasäteily	N	
induktanssi	N	
ilmatorjunta	N	
ikäryhmä	N	
ihmismieli	N	
huijaus	N	
henkilöhistoria	N	
golfvirta	N	
ghetto	N	
georgialainen	N	
frangi	N	
faasi	N	
esineistö	N	
emäseurakunta	N	
elinajanodote	N	
balladi	N	
atomimassa	N	
atlas	N	
arkeologia	N	
animaatioelokuva	N	
alankomaalainen	N	
aikaansaannos	N	
adventisti	N	
äänielokuva	N	
älypuhelin	N	
ylitys	N	
yhteydenpito	N	
yhteistyöjärjestö	N	
yhteistyöjärjestö	N	
välimerenilmasto	N	
visentti	N	
viheralue	N	
veroparatiisi	N	
valvontakomissio	N	
vaalitulos	N	
vaalitappio	N	
urheilupuisto	N	
uppoaminen	N	
ulkovalta	N	
työtehtävä	N	
työpäivä	N	
tutkittava	N	
tutkimusala	N	
turvallisuuspolitiikka	N	
turistikohde	N	
tsunami	N	
tietoyhteiskunta	N	
tieteiskirjailija	N	
thessalialainen	N	
tanssimusiikki	N	
taliban	N	
taidemuoto	N	
suuruusluokka	N	
sotilaspoliisi	N	
soolo	N	
seurajoukkue	N	
satiiri	N	
salaliittolainen	N	
saksanpaimenkoira	N	
rautatieverkko	N	
rautatientori	N	
rakennemuutos	N	
raja-alue	N	
pääjakso	N	
puolueohjelma	N	
puoluehallitus	N	
psykoanalyytikko	N	
premissi	N	
pikakirjoitus	N	
pesäpaikka	N	
perusrakenne	N	
perusperiaate	N	
pelihahmo	N	
pankkitoiminta	N	
palvelusaika	N	
opetussuunnitelma	N	
oktaavi	N	
nukkuminen	N	
neuvostovalta	N	
myllymäki	N	
motivaatio	N	
metalista	N	
menettelytapa	N	
maskotti	N	
mania	N	
mandaattialue	N	
lääniuudistus	N	
lämpöenergia	N	
lukuteoria	N	
loppupeli	N	
loppukilpailu	N	
liiketoimi	N	
lieve	N	
libertarismi	N	
lakiesitys	N	
laidunmaa	N	
kädellinen	N	
koulutustaso	N	
korkeakulttuuri	N	
kolminaisuusoppi	N	
kielilläpuhuminen	N	
kiderakenne	N	
keskikesä	N	
keräilijä	N	
keliakia	N	
keidas	N	
kausaliteetti	N	
kaskiviljely	N	
kapinointi	N	
kansallistunne	N	
kanne	N	
kaksintaistelu	N	
juomavesi	N	
joukko-oppi	N	
jatkaja	N	
itsehallintoalue	N	
iltalehti	N	
härkätie	N	
historiantutkija	N	
hiilimonoksidi	N	
heinä-elokuu	N	
heimosota	N	
hansaliitto	N	
goottirock	N	
fysiikanpalkinto	N	
fuusioreaktio	N	
funktionalismi	N	
esitystapa	N	
esikuntapäällikkö	N	
erityisasema	N	
erioikeus	N	
eriarvoisuus	N	
eksponenttifunktio	N	
editio	N	
delaware	N	
biokemia	N	
auringonpilkku	N	
atomiydin	N	
anemia	N	
allianssi	N	
ääri	N	
yleisradioyhtiö	N	
yhteiskuntasopimus	N	
yhteiskuntajärjestys	N	
yhteisnimitys	N	
välttämättömyys	N	
väestönosa	N	
videokamera	N	
vesiliuos	N	
vapina	N	
vapaa-ajattelu	N	
vaikutusalue	N	
uudistaja	N	
ukraina	N	
täyttäminen	N	
työmarkkinat	N	
tyttöystävä	N	
tulitus	N	
tornitalo	N	
torium	N	
toimintaperiaate	N	
terroristijärjestö	N	
tekoäly	N	
tarusto	N	
tappo	N	
taksonomia	N	
takamaa	N	
takaisku	N	
särkisalo	N	
supervalta	N	
suistoalue	N	
substanssi	N	
sopusointu	N	
skolastikko	N	
skeptisismi	N	
sisäoppilaitos	N	
sionismi	N	
sapiens	N	
sadomasokismi	N	
ruuna	N	
reggae	N	
rajamaa	N	
purkautuminen	N	
puolivälierä	N	
puheenvuoro	N	
pohjoispää	N	
pieneneminen	N	
perinneruoka	N	
pasuuna	N	
palvelusektori	N	
palloliitto	N	
paitsio	N	
nelivuotiskausi	N	
napalm	N	
napa-alue	N	
moraalifilosofia	N	
moottoriurheilu	N	
mittasuhde	N	
mielenfilosofia	N	
merkkihenkilö	N	
megatavu	N	
manala	N	
maaraja	N	
maailmanhistoria	N	
länsiliittoutuneet	N	
loisto	N	
likiarvo	N	
liiketila	N	
liikennelaitos	N	
lihansyöjä	N	
kääntäminen	N	
kyvyttömyys	N	
kvasaari	N	
kvantti	N	
kulkureitti	N	
kruuna	N	
kreivitär	N	
konventti	N	
kiska	N	
kirkkovaltio	N	
kenttäpelaaja	N	
kaupunkirata	N	
kauppatiede	N	
katajanokka	N	
karvapeite	N	
kantaisä	N	
kansalliskirjasto	N	
impressionismi	N	
ilmaiseminen	N	
hyppy	N	
hirvieläin	N	
herkkyys	N	
hautapaikka	N	
harhaluulo	N	
gladiaattori	N	
fraasi	N	
etusivu	N	
esinahka	N	
empiristi	N	
elokuva-ala	N	
elokuva-ala	N	
durra	N	
dualismi	N	
dogmi	N	
diplomi-insinööri	N	
auttaminen	N	
asiakasohjelma	N	
antimateria	N	
ammattijärjestö	N	
allekirjoittanut	N	
alkuräjähdysteoria	N	
akateemikko	N	
aikakone	N	
aika-avaruus	N	
aaltoliike	N	
ylikulku	N	
yhteisvaikutus	N	
ydinfysiikka	N	
välirauhansopimus	N	
vähäisyys	N	
videokuva	N	
vetyatomi	N	
velvollisuusetiikka	N	
varhaislapsuus	N	
valtakieli	N	
uutisryhmä	N	
työhuone	N	
touko	N	
tieyhteys	N	
tiedostopääte	N	
terminologia	N	
teollisuudenala	N	
televisioasema	N	
talousalue	N	
taloustilanne	N	
takaaminen	N	
suuryritys	N	
siviilihallinto	N	
shakinpelaaja	N	
scifi	N	
satanismi	N	
sarkofagi	N	
salamasota	N	
salakuuntelu	N	
ruukki	N	
rintamalinja	N	
repo	N	
rappio	N	
rajavartiolaitos	N	
rajalinja	N	
raideliikenne	N	
rahoittaminen	N	
päätäntävalta	N	
pääsuunnittelija	N	
punaruskea	N	
pistemäärä	N	
pintalämpötila	N	
pesin	N	
peruslaki	N	
pelilauta	N	
partneri	N	
paperiteollisuus	N	
otos	N	
oligarkki	N	
nuorukainen	N	
nuorisoseura	N	
nosto	N	
neutronitähti	N	
natrium	N	
määritys	N	
märehtijä	N	
monismi	N	
moniajo	N	
mini	N	
mannerjää	N	
maksuväline	N	
löytöretki	N	
löydös	N	
lämpötilaero	N	
lähiympäristö	N	
luonnontila	N	
kuunpimennys	N	
kuumoduuli	N	
kuukautinen	N	
kutuaika	N	
kungfutselainen	N	
kristikunta	N	
koulutuskeskus	N	
kotikenttä	N	
korintti	N	
kommuuni	N	
koillispuoli	N	
kilotavu	N	
kiistely	N	
kesämökki	N	
keskinopeus	N	
keski-ikä	N	
kerrostaloalue	N	
kerronta	N	
kasti	N	
kastaja	N	
kasakka	N	
kantamuoto	N	
kamppailulaji	N	
jälkipolvi	N	
junamatka	N	
jokiniemi	N	
jalkapalloliitto	N	
innoittaja	N	
ilmenemismuoto	N	
illuusio	N	
ihmisoikeusrikkomus	N	
hyperinflaatio	N	
elokuvaura	N	
edus	N	
edistysaskel	N	
brie	N	
alapinta	N	
alakulttuuri	N	
aboriginaali	N	
ylioppilaskirjoitukset	N	
yhteiskuntajärjestelmä	N	
yhteensopivuus	N	
välivaihe	N	
väliintulo	N	
virsikirja	N	
viljelymaa	N	
varastointi	N	
vapaamuurari	N	
valistusajattelija	N	
vahvistuminen	N	
vaaliruhtinas	N	
työnjako	N	
tuulimylly	N	
tutsi	N	
tutkimusmenetelmä	N	
tutkimusasema	N	
tuotantoväline	N	
terska	N	
tekijänoikeuslaki	N	
taistelupanssarivaunu	N	
säveltäminen	N	
sävelkorva	N	
suurvalta-asema	N	
sunnimuslimi	N	
stereotypia	N	
sotilaslääni	N	
sotaministeri	N	
sorsalintu	N	
sisäpinta	N	
siirtomaaisäntä	N	
savolaismurre	N	
saariaho	N	
romanssi	N	
rantarata	N	
päähine	N	
pythagoralainen	N	
purjehdus	N	
puolentoinen	N	
puistoalue	N	
postmodernismi	N	
poltto	N	
poikkeustapaus	N	
pisi	N	
pikkuesikoinen	N	
piirretty	N	
pesäkolo	N	
peruspalvelu	N	
persia	N	
panssarilaiva	N	
pallokala	N	
painoarvo	N	
paikannus	N	
paikallisyhdistys	N	
opetusministeri	N	
olinpaikka	N	
näkötorni	N	
numerointi	N	
nootti	N	
neito	N	
naamio	N	
määräysvalta	N	
myoni	N	
mykkäelokuva	N	
murska	N	
muodostelma	N	
muinaisenglanti	N	
moottoriliikennetie	N	
mittapuu	N	
missio	N	
metroverkko	N	
markiisi	N	
mansi	N	
mallisto	N	
maitorasva	N	
maailmanmarkkinahinta	N	
maailmanloppu	N	
läänitysvaltio	N	
lähivuosi	N	
lyriikka	N	
luonnonoikeus	N	
linnalääni	N	
liitin	N	
leukemia	N	
laskettelukeskus	N	
lahjus	N	
käyttäytymä	N	
kutsunta	N	
kromi	N	
kopiointi	N	
konsepti	N	
koelento	N	
kivennapa	N	
kirkonmäki	N	
keskustähti	N	
kehittymä	N	
kasaari	N	
kapseli	N	
kansankomissaari	N	
kalmisto	N	
kaivosteollisuus	N	
kaivanto	N	
jääkiekkoilija	N	
jääkiekkoseura	N	
järviseutu	N	
jälkeinen	N	
johtajuus	N	
internet-yhteys	N	
ihmissilmä	N	
hutu	N	
hiilidioksidipäästö	N	
haudonta-aika	N	
harvinaisuus	N	
gray	N	
fysiologia	N	
falangi	N	
eteläpää	N	
erikoisala	N	
eriseura	N	
energiankulutus	N	
elokuvayhtiö	N	
doktriini	N	
deuterium	N	
delfiini	N	
bunkkeri	N	
auto-onnettomuus	N	
asteroidivyöhyke	N	
armeijaryhmä	N	
aristokratia	N	
antihiukkanen	N	
ylimys	N	
yksinvaltias	N	
yhteisvaluutta	N	
weber	N	
välittäjäaine	N	
välierä	N	
väkimäärä	N	
vähemmistöhallitus	N	
vuokatti	N	
vihamielisyys	N	
vastasyntynyt	N	
valtiolippu	N	
uutistoimisto	N	
uutislähetys	N	
universumi	N	
unettomuus	N	
ulkoasiainministeri	N	
täydellisyys	N	
tulitauko	N	
todistaminen	N	
tesla	N	
teollisuusyritys	N	
tarpeellisuus	N	
talousyhteisö	N	
taloustutkimus	N	
tallentaminen	N	
sähkötekniikka	N	
syys-lokakuu	N	
suihkuhävittäjä	N	
soturi	N	
sotilasliitto	N	
simulointi	N	
simulaatio	N	
shakkiliitto	N	
selkouni	N	
sassanidi	N	
sanajärjestys	N	
ristikirkko	N	
rajoite	N	
päänsärky	N	
pääesikunta	N	
pääpaikka	N	
puolustuslinja	N	
puhveli	N	
protestanttisuus	N	
poikkeustila	N	
pimennys	N	
piirilevy	N	
piirisarja	N	
pesimäpaikka	N	
peruskirja	N	
parsek	N	
palmuöljy	N	
oopperatalo	N	
nykymaakunta	N	
nimipalvelin	N	
naapurikaupunki	N	
mätimuna	N	
muuttuma	N	
muistolaatta	N	
muistipaikka	N	
muinaiskreikka	N	
mithralaisuus	N	
millisekunti	N	
milli	N	
maaottelu	N	
maaorja	N	
maanpetos	N	
maahockey	N	
lääkitystila	N	
lämpösäteily	N	
luottamustehtävä	N	
luottamusmies	N	
lunnas	N	
luhistuminen	N	
loka-marraskuu	N	
lausuma	N	
lastenkirja	N	
laser	N	
laivanrakennus	N	
laatiminen	N	
kulttuuritapahtuma	N	
kouluttaja	N	
konklaavi	N	
kompleksisuus	N	
kaupunginvaltuutettu	N	
kauhuelokuva	N	
kasvihuonekaasupäästö	N	
kapinaliike	N	
kansankongressi	N	
kalifaatti	N	
jääkiekkojoukkue	N	
jättiläisplaneetta	N	
juominen	N	
itsevaltias	N	
isorotta	N	
islaminusko	N	
innovaatio	N	
inho	N	
indikatiivi	N	
huomionosoitus	N	
humanisti	N	
harjunpää	N	
hallintorakennus	N	
hakkuu	N	
hakka	N	
fantasiamaailma	N	
epäluulo	N	
elämäntyyli	N	
eetteri	N	
behaviorismi	N	
becquerel	N	
bassorumpu	N	
baryoni	N	
avenue	N	
aspekti	N	
alihankkija	N	
alba	N	
aitous	N	
aiheuttaminen	N	
adventtikirkko	N	
öljyteollisuus	N	
öljykriisi	N	
äänes	N	
äänenlaatu	N	
älykkyystesti	N	
yläkulma	N	
ylilento	N	
yhtiökokous	N	
ydinpommi	N	
väijytys	N	
vuosikokous	N	
virrankulutus	N	
virkavala	N	
viikonloppuisä	N	
vieminen	N	
vartiotorni-seura	N	
varianssi	N	
valtioneuvos	N	
vaihtojännite	N	
vaarallisuus	N	
turbo	N	
tuotekehitys	N	
tuhopoltto	N	
toimintaelokuva	N	
tilastotiede	N	
terveysasema	N	
teoreetikko	N	
talousongelma	N	
taideakatemia	N	
sääolot	N	
sähkömagnetismi	N	
syöttäjä	N	
suojeluskuntapiiri	N	
sukulaisuussuhde	N	
stipendi	N	
steinerpedagogiikka	N	
stalinismi	N	
sotilasjohtaja	N	
sooloura	N	
somalimaa	N	
sodanjohto	N	
sloveeni	N	
sivuhaara	N	
sisävesialue	N	
sisävesialue	N	
salaaminen	N	
ruokasieni	N	
ruokakala	N	
riskitekijä	N	
rikollisjärjestö	N	
riffi	N	
rakennustyömaa	N	
raamatuntulkinta	N	
pääpaino	N	
provinssirock	N	
predikaatti	N	
polynomi	N	
poliisilaitos	N	
pikkuplaneetta	N	
pienryhmä	N	
pidätetty	N	
perusvuorovaikutus	N	
perukka	N	
pelimoottori	N	
parlamenttitalo	N	
parlamentarismi	N	
pakolaisleiri	N	
painevesireaktori	N	
paheksunta	N	
ostovoima	N	
osakekanta	N	
näköaisti	N	
neuvottelukunta	N	
nettisivu	N	
neiti	N	
naudanliha	N	
määrittelyjoukko	N	
myöhäisantiikki	N	
moottoriajoneuvo	N	
minimipalkka	N	
miehittäjä	N	
metriikka	N	
merkittävyys	N	
merenkurkku	N	
matkustajakone	N	
matkakeskus	N	
marjaniemi	N	
makrotaloustiede	N	
magna	N	
länsipää	N	
loppukausi	N	
livealbumi	N	
lisälaite	N	
lisp	N	
liitäntä	N	
liikenneväline	N	
levykeasema	N	
lentotukialus	N	
lapsikaste	N	
langobardi	N	
lahtelainen	N	
labour	N	
köyhälistö	N	
kääntöpuoli	N	
kymmenvuotias	N	
kungfutselaisuus	N	
koulujärjestelmä	N	
kotitila	N	
konsensus	N	
klooni	N	
klamydia	N	
keulahahmo	N	
keskussairaala	N	
keskiö	N	
keskittäminen	N	
keskipäivä	N	
kauppalaiva	N	
kastelu	N	
kansanrintama	N	
kansanedustuslaitos	N	
kansanryhmä	N	
kansallissankari	N	
kaksoissidos	N	
kaapeliverkko	N	
jääkide	N	
jälkiäänitys	N	
jousimies	N	
jousikvartetto	N	
joukkoyksikkö	N	
johtomies	N	
itsenäisyystaistelu	N	
ilmentymä	N	
ilmataistelu	N	
ilmastovyöhyke	N	
ihmisoikeussopimus	N	
ihmishenki	N	
hakeminen	N	
federalisti	N	
etupuoli	N	
esikoisteos	N	
eritys	N	
entisaika	N	
energiataso	N	
edesmennyt	N	
dopamiini	N	
dioksiini	N	
dieselveturi	N	
design	N	
armolahja	N	
animaatiosarja	N	
alalahko	N	
šiia	N	
yläraja	N	
yhteisyritys	N	
yhteiskuntafilosofia	N	
ydinjäte	N	
vuosiluokka	N	
vuoropuhelu	N	
voittajavaltio	N	
viri	N	
vihkimys	N	
vihamies	N	
venetsialainen	N	
vastaisuus	N	
varistaival	N	
vapautusarmeija	N	
valtionyliopisto	N	
valkeapää	N	
uusliberalismi	N	
ulkoseinä	N	
ulkomaanmatka	N	
uhkapeli	N	
työväenyhdistys	N	
tutkimusalue	N	
toimintaperiaate	N	
tinnitus	N	
tiilitehdas	N	
teoreema	N	
televisioyhtiö	N	
taidenäyttely	N	
säätäminen	N	
sunni	N	
sotilasakatemia	N	
sosiaaliliberalismi	N	
selonteko	N	
sairaalahoito	N	
saarnahuonekunta	N	
räpylä	N	
ryöstöretki	N	
riff	N	
resepti	N	
ravintokasvi	N	
ratapiha	N	
rantavesi	N	
rakettimoottori	N	
rajanveto	N	
raiskaus	N	
radiosoitto	N	
raati	N	
pöytäkone	N	
pääsääntö	N	
päästäinen	N	
päälliköö	N	
pää-äänenkannattaja	N	
päivänvalo	N	
putoaminen	N	
punjabi	N	
prosenttiyksikkö	N	
presidentinvirka	N	
poissaolo	N	
pintakerros	N	
pientaloalue	N	
perhe-elämä	N	
pelimuoto	N	
pamfletti	N	
ottelija	N	
nuoruusvuosi	N	
neuvoja	N	
muistokivi	N	
muistelmateos	N	
mikrotaloustiede	N	
messierä	N	
marttyyri	N	
mara	N	
management	N	
maalintekijä	N	
maailmankatsomus	N	
länsisatama	N	
lähiseutu	N	
luomi	N	
luolasto	N	
louhinta	N	
lopputuote	N	
liikekeskus	N	
lihassolu	N	
lentokoneteollisuus	N	
lentokonetehdas	N	
lennosto	N	
laivue	N	
laivaliikenne	N	
laitama	N	
käänteisfunktio	N	
kuvankäsittelyohjelma	N	
kuvatiedosto	N	
kuolinvuode	N	
kulttuuritalo	N	
kulkuväylä	N	
kotitalo	N	
korkea-aste	N	
konsentraatio	N	
kolumni	N	
kohokohta	N	
koboltti	N	
kirkkojärvi	N	
kilotonni	N	
kesä-heinäkuu	N	
kertaluku	N	
kerrannaisyksikkö	N	
kasvatustiede	N	
karsintakierros	N	
kansankokous	N	
kaivopuisto	N	
kaavio	N	
jääpeite	N	
julkistaminen	N	
julkaisutoiminta	N	
jokisuu	N	
jatkuminen	N	
jatkoaika	N	
jalkaväenkenraali	N	
istunta	N	
iskulause	N	
ihailu	N	
hybridi	N	
huippunopeus	N	
huippukokous	N	
helluntaikirkko	N	
hautaus	N	
harjanne	N	
haittapuoli	N	
guru	N	
galaksijoukko	N	
foorumi	N	
flyygeli	N	
fenomenologi	N	
facto	N	
etruski	N	
eteläafrikkalainen	N	
esiintyvyys	N	
elokuvasarja	N	
ellipsi	N	
elintoiminto	N	
ekstaasi	N	
duetto	N	
classic	N	
asukastiheys	N	
asianosaiset	N	
asemanseutu	N	
arvojärjestys	N	
arkkitehtitoimisto	N	
alatalo	N	
aikuisikä	N	
agnostikko	N	
äänimaailma	N	
yuan-dynastia	N	
yläperä	N	
yksinvalta	N	
western	N	
väestölaskenta	N	
vuosipäivä	N	
voimakeino	N	
vesivoimalaitos	N	
vesimolekyyli	N	
vesivoimalaitos	N	
vertaisverkko	N	
vastaanottaminen	N	
varustamo	N	
varapääministeri	N	
valtiontalous	N	
valtionrautatie	N	
vaikutin	N	
uusiminen	N	
utopia	N	
uskonnonvapauslaki	N	
unihäiriö	N	
ulkosaari	N	
tuominen	N	
tunnetila	N	
tukialue	N	
tomismi	N	
toipuminen	N	
todenperäisyys	N	
tieteiselokuva	N	
tehoste	N	
teesi	N	
tavarajuna	N	
taustasäteily	N	
taajuusmuuttaja	N	
särkänniemi	N	
syrjäseutu	N	
suvi	N	
suupohja	N	
staattori	N	
spektriviiva	N	
sotilaskomentaja	N	
sotahistoria	N	
sopeutuminen	N	
skotti	N	
sivurooli	N	
sitrushedelmä	N	
sisäelin	N	
sirpale	N	
siirtomaakausi	N	
seikkailija	N	
saattaminen	N	
rokotusohjelma	N	
risteilijä	N	
rikoksentekijä	N	
riki	N	
remonttiryhmä	N	
realisti	N	
reaktanssi	N	
raviurheilu	N	
rantatie	N	
rakennusvaihe	N	
raippaluoto	N	
rahvas	N	
pörssiyhtiö	N	
päävalmentaja	N	
pääteasema	N	
päärooli	N	
pääpiirre	N	
pääkaupunkialue	N	
päähaara	N	
pääkaupunkialue	N	
pyörimisnopeus	N	
pyörimisliike	N	
purjehtija	N	
pulsari	N	
prikaatikenraali	N	
poni	N	
pokaali	N	
pohjois-eteläsuunta	N	
pituuskasvu	N	
pikaruoka	N	
perustuslakivaliokunta	N	
peitenimi	N	
partio	N	
pappisvirka	N	
paperikone	N	
palkintokoroke	N	
pakottaminen	N	
oikeudenala	N	
nouseminen	N	
nominatiivi	N	
niveljalkainen	N	
naturalismi	N	
nanometri	N	
muodostus	N	
muistaminen	N	
moottorivaunu	N	
mesoni	N	
menševikki	N	
melonta	N	
matkapuhelinverkko	N	
maori	N	
mangaani	N	
mamelukki	N	
mahalaukku	N	
lyömäsoitin	N	
luovuus	N	
luonteenpiirre	N	
luonnonuskonto	N	
lukujärjestelmä	N	
logistiikka	N	
lisäaine	N	
lipputulo	N	
liittokokous	N	
liberaalipuolue	N	
lahjakirja	N	
köyhyysraja	N	
kvanttitietokone	N	
kuvanlaatu	N	
kulmanopeus	N	
koulukeskus	N	
kookospähkinä	N	
kontrasti	N	
kommentaari	N	
kohdemaa	N	
klusiili	N	
kermajärvi	N	
kassiitti	N	
kartoitus	N	
karthagolaiset	N	
kansallisromantiikka	N	
kaniini	N	
kaataminen	N	
joukkohauta	N	
johtamissodankäynti	N	
johtamissodankäynti	N	
jiddiš	N	
isoveli	N	
islamisti	N	
invaasio	N	
indikaattori	N	
ilmaisku	N	
hietalahti	N	
happiatomi	N	
gamma	N	
fundamentalismi	N	
fransiskaani	N	
fortran	N	
esivaali	N	
emiiri	N	
elokuvasarja	N	
elinolo	N	
edellisvuosi	N	
buuri	N	
astronomia	N	
asevelvollisuuslaki	N	
asemasota	N	
arvostelumenestys	N	
arvomaailma	N	
aristotelismi	N	
aluekeskus	N	
aluehallintovirasto	N	
aluehallintovirasto	N	
akuutti	N	
aktiviteetti	N	
aikido	N	
afrikaans	N	
šintolaisuus	N	
äänenkorkeus	N	
äänennopeus	N	
yläpää	N	
yllätyshyökkäys	N	
ydinvoimalaonnettomuus	N	
vähemmistöryhmä	N	
vire	N	
viisivuotias	N	
viejä	N	
vasemmistosiipi	N	
vapaudenristi	N	
valtionyhtiö	N	
underground	N	
tuuri	N	
tuomitseminen	N	
toora	N	
tietojenkäsittely	N	
temperamentti	N	
tarjoaminen	N	
talvipalatsi	N	
talouspakote	N	
taistelutahto	N	
syntypaikka	N	
sunna	N	
sukellus	N	
strategiapeli	N	
sopeutuma	N	
sini	N	
siirtonopeus	N	
seurausetiikka	N	
selkämeri	N	
seisake	N	
sarjatuotanto	N	
saago	N	
ruoka-aine	N	
romaanikirjailija	N	
ripe	N	
repliikki	N	
rautatiesilta	N	
raskaudenkeskeytys	N	
rannikkokaupunki	N	
radiaani	N	
pääsihteeristö	N	
pyhiinvaellus	N	
purkka	N	
puoluevaltuusto	N	
puhelinkeskus	N	
pornografia	N	
porajärvi	N	
polttopullo	N	
polonium	N	
piki	N	
pietismi	N	
periaateohjelma	N	
panssaridivisioona	N	
palveluskäyttö	N	
palkka-armeija	N	
pakonopeus	N	
paikallisradio	N	
osatekijä	N	
osakepääoma	N	
opiskelijajärjestö	N	
nyrkkeilijä	N	
nuorisotyö	N	
nostovoima	N	
nimikappale	N	
nimellisarvo	N	
niini	N	
myllykoski	N	
mosaiikki	N	
minimi	N	
mineraalivarat	N	
mikroydin	N	
miehitysvyöhyke	N	
merkantilismi	N	
meritaistelu	N	
megatonni	N	
massatuotanto	N	
maski	N	
markkina-asema	N	
mainonta	N	
maapäivät	N	
maalaaminen	N	
länsipohja	N	
loppupuolisko	N	
loki	N	
lohikala	N	
libertaari	N	
lehtori	N	
lehdistönvapaus	N	
lasitehdas	N	
laivasto-osasto	N	
lahdenväylä	N	
laguuni	N	
kääpiöplaneetta	N	
kääntyminen	N	
kuvaruutu	N	
kuusitoinen	N	
kutsumus	N	
kuolemansynti	N	
kuntauudistus	N	
kuntakokous	N	
kotikylä	N	
koskettimisto	N	
korostus	N	
klaanilainen	N	
kilpailukyky	N	
keskushallitus	N	
keskisuomalainen	N	
katolilaisuus	N	
karkottaminen	N	
kani	N	
kalliomaalaus	N	
kaani	N	
jäämä	N	
järjestysnumero	N	
jolla	N	
jalkapallokenttä	N	
isäntäkaupunki	N	
interventio	N	
improvisaatio	N	
iltapäivälehti	N	
ideaoppi	N	
hyökkäämättömyyssopimus	N	
huoneenlämpö	N	
hapetusluku	N	
hapetin	N	
guineanlahti	N	
gluoni	N	
genetiikka	N	
fantasiakirjallisuus	N	
europarlamenttivaali	N	
europarlamentaarikko	N	
europarlamenttivaalit	N	
eunukki	N	
eukaristia	N	
etupiiri	N	
edikti	N	
coulombi	N	
brasilialainen	N	
azeri	N	
astuminen	N	
arvomerkki	N	
aristokraatti	N	
arabiemiraatti	N	
amatööri	N	
altistuminen	N	
alje	N	
aliverkko	N	
alaryhmä	N	
afroamerikkalainen	N	
šamanismi	N	
šaahi	N	
äänikerta	N	
äänilähde	N	
yökerho	N	
yläilmakehä	N	
yläilmakehä	N	
yleisurheilija	N	
yhtenäiskoulu	N	
ydinosaaminen	N	
värväys	N	
välimaasto	N	
voimistuminen	N	
visiiri	N	
vichy	N	
vetysidos	N	
vetyioni	N	
vesisiippa	N	
verovapaus	N	
verkkoyhteys	N	
vastuualue	N	
vaste	N	
vastareaktio	N	
vastaavuus	N	
valvoja	N	
valtapuolue	N	
valkovenäläinen	N	
vaihtokauppa	N	
urheiluliitto	N	
urdu	N	
työttömyysprosentti	N	
työpöytäympäristö	N	
tyttökoulu	N	
tyrmä	N	
tyrannia	N	
tupolevä	N	
tuotantotapa	N	
tunkeutuminen	N	
trauma	N	
torjuntahävittäjä	N	
toimituskunta	N	
tiibetiläinen	N	
tietorakenne	N	
tiedostomuoto	N	
terveysongelma	N	
teollisuuskeskus	N	
tautiluokitus	N	
tappaja	N	
tantra	N	
tammisto	N	
talla	N	
taivutusmuoto	N	
taisteluosasto	N	
säteilyturvakeskus	N	
säkäkorkeus	N	
säilymislaki	N	
sähkökirja	N	
sädehoito	N	
synodi	N	
synagoga	N	
sympatia	N	
suunnittelutyö	N	
suojeluspyhimys	N	
sulamisvesi	N	
sukuelin	N	
sota-alus	N	
skisma	N	
siipiväli	N	
siipikarja	N	
shop	N	
senaatintora	N	
selli	N	
sekaantuminen	N	
segmentti	N	
saves	N	
sandinisti	N	
sahateollisuus	N	
saatananpalvonta	N	
ruumiinavaus	N	
ruissalo	N	
rakkaustarina	N	
rahasäiliö	N	
päivittäistavarakauppa	N	
puhelinlaitos	N	
puberteetti	N	
prostituutio	N	
ponnistelu	N	
pommittaja	N	
polymeeri	N	
pohjoissaari	N	
pohdinta	N	
platonismi	N	
platinalevy	N	
pikkukala	N	
pikkulepakko	N	
perustuslakituomioistuin	N	
perustamisvuosi	N	
peltoala	N	
pelityyli	N	
pelikenttä	N	
panostus	N	
paloasema	N	
pakote	N	
pahempi	N	
paavinistuin	N	
outsider	N	
ortodoksisuus	N	
organisointi	N	
orbitaali	N	
opiskeluvuosi	N	
opiskelijaliike	N	
oopperalaulaja	N	
olkiluoto	N	
oliiviöljy	N	
ohjelmointiympäristö	N	
ohjelmistotuotanto	N	
oheistuote	N	
nykyhetki	N	
neuvostoarmeija	N	
muuntelu	N	
muumilaakso	N	
muokkaus	N	
muistinhallinta	N	
monetaristi	N	
mestaruuskilpailu	N	
massaluku	N	
masennuslääke	N	
maki	N	
magneettivuo	N	
maailmantalous	N	
lähtöruutu	N	
lähitulevaisuus	N	
luonnonfilosofia	N	
lintujärvi	N	
lauttayhteys	N	
lausuminen	N	
lausahdus	N	
lauluntekijä	N	
laulaminen	N	
lapuanliike	N	
kymenkartano	N	
kuuleminen	N	
kuualus	N	
kutsumanimi	N	
kustannusyhtiö	N	
kuninkaantie	N	
krypton	N	
kreolikieli	N	
koskemattomuus	N	
korona	N	
konserttisali	N	
konditionaali	N	
kohdeasema	N	
kirjainyhdistelmä	N	
kiertäminen	N	
kiertolainen	N	
kesäpäivä	N	
keskusta-alue	N	
keskihajonta	N	
kerrosala	N	
keikkailu	N	
kehitysohjelma	N	
kauppajärjestö	N	
katkeruus	N	
kasino	N	
kantaluku	N	
kangaskäärme	N	
kahtiajako	N	
kaanikunta	N	
jääkiekkoliitto	N	
itsemurhayritys	N	
intro	N	
integraatio	N	
inka	N	
ilmailumuseo	N	
ihmisyhteisö	N	
ihmistiede	N	
höyryveturi	N	
höyrykone	N	
hubi	N	
hiukkaskiihdytin	N	
heikentyminen	N	
heijastus	N	
hautamuistomerkki	N	
gravitoni	N	
gospelmusiikki	N	
gestappo	N	
folk	N	
fissiopommi	N	
feeniks	N	
falsifiointi	N	
europarlamentti	N	
euronen	N	
epäluottamuslause	N	
energialähde	N	
elämänsanalaisuus	N	
eksistentialisti	N	
ekshibitionismi	N	
eduskuntatalo	N	
eduskuntapuolue	N	
crack	N	
bussiliikenne	N	
biomassa	N	
bantu	N	
baby	N	
avaruuskeskus	N	
arawak	N	
analogia	N	
amfiteatteri	N	
alueluovutus	N	
alapää	N	
adressi	N	
äärivasemmisto	N	
äänestysalue	N	
zulu	N	
zarathustralainen	N	
yöeläin	N	
ylätaso	N	
ylijohtaja	N	
yhdeksänvuotias	N	
ydinsota	N	
väliseinä	N	
välikohtaus	N	
vähemmistökansallisuus	N	
virhepäätelmä	N	
viestintäministeriö	N	
vieraantuminen	N	
verkkokerros	N	
veljestö	N	
velhomaailma	N	
varapuhemies	N	
vakiovuoro	N	
vakiintuminen	N	
vaivaishiiri	N	
vaaleanruskea	N	
uusintaottelu	N	
umpi	N	
työntövoima	N	
tutkijaryhmä	N	
tuotantokustannus	N	
tulkitsija	N	
tulinopeus	N	
toksikologia	N	
toimintamuoto	N	
toiminta-alue	N	
tietokoneverkko	N	
tekstinkäsittelyohjelma	N	
tasajännite	N	
tarvitsija	N	
tapulikaupunki	N	
tapaluokka	N	
talouskehitys	N	
taloluku	N	
tallennuskapasiteetti	N	
taidekoulu	N	
taajamajuna	N	
säännöstö	N	
syntymäkoti	N	
swing	N	
suuruusjärjestys	N	
suurristi	N	
suurmoguli	N	
suorakaide	N	
suka	N	
strippi	N	
sotataito	N	
sopivuus	N	
sonetti	N	
solidaarisuus	N	
seurustelu	N	
seitsemäntoinen	N	
satelliittikuva	N	
sairausloma	N	
sahatavara	N	
ryöstely	N	
rypsiöljy	N	
ruokintapaikka	N	
runonlaulaja	N	
ristiriitaisuus	N	
rintamaa	N	
remontti	N	
rauhoittaminen	N	
rauhanturvaoperaatio	N	
rannikkotasanko	N	
rakennustoiminta	N	
rakastaja	N	
rajajoki	N	
radiopuhelin	N	
pääsarjataso	N	
pääluokka	N	
pääkirjoitus	N	
pääkieli	N	
pääalue	N	
pystysuunta	N	
pyhäkkö	N	
puolustusasema	N	
punakhmer	N	
punavuori	N	
puhelinyhtiö	N	
psykiatria	N	
prioriteetti	N	
prefekti	N	
portto	N	
polkka	N	
poistuma	N	
pohjois-eteläsuunta	N	
piirtokirjoitus	N	
piirrossarja	N	
pesimälintu	N	
perustutkinto	N	
peruskäsite	N	
perussopimus	N	
pelimaailma	N	
passiivi	N	
pankkiiri	N	
palloseura	N	
paljastaminen	N	
paikallisvaali	N	
pahe	N	
osamäärä	N	
opintomatka	N	
omistaminen	N	
omenapuu	N	
olympiamitalisti	N	
oliivi	N	
oivallus	N	
nykysuomi	N	
nide	N	
nepotismi	N	
mustarotta	N	
miehitysjoukko	N	
meteorologia	N	
merkkipaalu	N	
megawatti	N	
mausoleumi	N	
matkustajajuna	N	
maolaisuus	N	
maajoukkueura	N	
maailmankirjallisuus	N	
länsireuna	N	
lisäjoukko	N	
lippukunta	N	
linja-autoyhteys	N	
liityntäpiste	N	
liikennemäärä	N	
liikelaitos	N	
latvia	N	
käämi	N	
kävijämäärä	N	
kuuloaisti	N	
kulttuuripääkaupunki	N	
kuivuminen	N	
kotikäyttö	N	
kontu	N	
konservatorio	N	
konkurssipesä	N	
kollektiivi	N	
kokardi	N	
koirarotu	N	
koiraeläin	N	
kissaeläin	N	
kirkkolaki	N	
kiintiö	N	
kevätmuutto	N	
keskustelija	N	
kertominen	N	
kertausharjoitus	N	
kellojakso	N	
kebab	N	
kaupunginoikeus	N	
kauppakaupunki	N	
katalyytti	N	
kasviravinto	N	
kasvikunta	N	
kansantaloustiede	N	
kansalliseepos	N	
kaapu	N	
jälkimaininki	N	
jälkimaine	N	
itäpää	N	
isänmaallisuus	N	
islanti	N	
irtautuminen	N	
inklinaatio	N	
informaatioteknologia	N	
individualismi	N	
improvisointi	N	
imperfekti	N	
ilmamassa	N	
ikääntyminen	N	
ikärakenne	N	
iiris	N	
ihmislaji	N	
hätätilanne	N	
hylkeenpyynti	N	
hirvisaari	N	
hinnoittelu	N	
hevosenliha	N	
hautakivi	N	
hallitusaika	N	
hallintokeskus	N	
graham	N	
foneemi	N	
etiopialainen	N	
esperantisti	N	
esikaupunkialue	N	
esikaupunkialue	N	
erityishallintoalue	N	
enemmistövaali	N	
emulsio	N	
eliniänodote	N	
divisio	N	
dementia	N	
brittijoukko	N	
bikini	N	
beagle	N	
avaruustoiminta	N	
ateljee	N	
asuntoalue	N	
arvokisa	N	
areiolainen	N	
aluevaatimus	N	
alkupää	N	
alkalimetalli	N	
alentaminen	N	
alamaa	N	
ajatusmaailma	N	
aistiminen	N	
aikaraja	N	
aatelisarvo	N	
äärioikeistolainen	N	
äärettömyys	N	
äännearvo	N	
yksityisoikeus	N	
ydinsulkusopimus	N	
ydinonnettomuus	N	
vähimmäispalkka	N	
voimaantulo	N	
viulisti	N	
vesimäärä	N	
veroaste	N	
vasallivaltio	N	
varapresidenttiehdokas	N	
varapresidenttiehdokas	N	
valvominen	N	
vaihtonäppäin	N	
vaalilaki	N	
vaakataso	N	
uskontotiede	N	
urheilu-ura	N	
tuotantovoima	N	
triumfi	N	
toivottu	N	
todennäköisyyslaskenta	N	
tilikausi	N	
tietokonejärjestelmä	N	
tieverkosto	N	
testosteroni	N	
terästeollisuus	N	
terveyshaitta	N	
teollisuusministeri	N	
tekno	N	
tarjoaja	N	
tapahtumahorisontti	N	
talonpoikaiskapina	N	
säännönmukaisuus	N	
särkkä	N	
särkisalko	N	
sähkönjohtavuus	N	
sähkölaite	N	
syönti	N	
syntymäpaikka	N	
symbolismi	N	
sydänmaa	N	
syanidi	N	
suurnopeusjuna	N	
sukuhaara	N	
sukutausta	N	
standardointi	N	
spekulaatio	N	
sotilasvalta	N	
sotaonni	N	
sotakoulu	N	
sosialistipuolue	N	
siviilipalvelusmies	N	
siunauskappeli	N	
sisämarkkinat	N	
sijaishallitsija	N	
sigma-algebra	N	
seuraajavaltio	N	
separatisti	N	
savuke	N	
sanamuoto	N	
sammakkoeläin	N	
salpalinja	N	
salkku	N	
saastuminen	N	
ruuhka-aika	N	
ruokakauppa	N	
ruoanlaitto	N	
roolisuoritus	N	
rikostuomioistuin	N	
resonanssi	N	
reseptori	N	
rangaistuslaukaus	N	
rangaistava	N	
rakennuskustannukset	N	
rakennusaine	N	
raitti	N	
rahapaja	N	
pääpuolue	N	
päiväperhonen	N	
pyörimisakseli	N	
puolustuslaitos	N	
puolustushaara	N	
puolikuu	N	
puoliaavikko	N	
puhelinnumero	N	
pudotus	N	
preferenssi	N	
pontikka	N	
polttama	N	
poliisiasema	N	
pitkäkirkko	N	
pistepörssi	N	
pikkupoika	N	
pikkueläin	N	
pikavuoropysäkki	N	
pesye	N	
pesimäkanna	N	
peruskivi	N	
perisynti	N	
pembroke	N	
peliväline	N	
pelipaikka	N	
patria	N	
parantuminen	N	
paniikki	N	
pakkausmenetelmä	N	
painovoimakenttä	N	
paikkansapitävyys	N	
omaksuminen	N	
olettamus	N	
oikeellisuus	N	
nojapyörä	N	
neurologi	N	
myötätunto	N	
myyntimenestys	N	
myllypuro	N	
moninaisuus	N	
monikerta	N	
modi	N	
miljoonasosa	N	
mietiskely	N	
metroliikenne	N	
metrojuna	N	
meditaatio	N	
matinkylä	N	
maniokki	N	
mallintaminen	N	
mainoskatkotunnus	N	
maidos	N	
mafioso	N	
maailmanpolitiikka	N	
maailmankartta	N	
maailmanliitto	N	
maa-aines	N	
länsituuli	N	
luusto	N	
luokkataistelu	N	
luistin	N	
lounaisrannikko	N	
lootus	N	
lisäpöytäkirja	N	
linnunpönttö	N	
liittopresidentti	N	
latvajärvi	N	
lastenkirjallisuus	N	
lajitoveri	N	
labradorinnoutaja	N	
käynnistäminen	N	
kynäjalava	N	
kvartsiitti	N	
kuvittaja	N	
kuuluvuusalue	N	
kuubalainen	N	
kuntajako	N	
kuningasperhe	N	
kuki	N	
koulurakennus	N	
koripallomaajoukkue	N	
konservatiivipuolue	N	
konjunktiivi	N	
komennus	N	
kokoelma-albumi	N	
koalitiohallitus	N	
kirkonkirja	N	
kesäasunto	N	
karhukopla	N	
kantasana	N	
kantaesitys	N	
kansanrunous	N	
kansallislippu	N	
kansakoulunopettaja	N	
kalenterivuosi	N	
jääkiekkomaajoukkue	N	
jäähdytys	N	
juutalaisvaino	N	
joukkueenjohtaja	N	
jazzmuusikko	N	
inkvisitio	N	
imaami	N	
ilmaherruus	N	
hoidettu	N	
hippodromi	N	
henkilökuva	N	
harmaakivikirkko	N	
hankoniemi	N	
gradu	N	
gorilla	N	
giljotiini	N	
fraktaali	N	
fetissi	N	
euromaa	N	
erottava	N	
eristäminen	N	
epätasa-arvo	N	
energiatila	N	
elokuvatuotanto	N	
elinikä	N	
dublinilainen	N	
domaa	N	
demoskene	N	
demoni	N	
bordercollie	N	
boksarikapina	N	
binäärijärjestelmä	N	
avaruusohjelma	N	
autourheilu	N	
autotehdas	N	
attribuutti	N	
asutusalue	N	
aseteollisuus	N	
apukeisari	N	
antroposofia	N	
analyytikko	N	
ammattioppilaitos	N	
alkupäivä	N	
alkaloidi	N	
akti	N	
aksentti	N	
akkusatiivi	N	
ainemäärä	N	
aggressiivisuus	N	
äänisaalis	N	
yöelämä	N	
ystäväpiiri	N	
yksityiskoulu	N	
ykkössija	N	
väitelause	N	
vuosituhattavoite	N	
vuorineuvos	N	
voimasuhde	N	
voimansiirto	N	
viiksi	N	
verkkosivusto	N	
verkkosarjakuva	N	
vegaani	N	
varastaminen	N	
vapautusrintama	N	
vapaudenpatsas	N	
vapaaherra	N	
vapaaseurakunta	N	
vanhoillisuus	N	
vaneri	N	
vanadiini	N	
valtatyhjiö	N	
valmistusmenetelmä	N	
urheilumuoto	N	
urheilukanava	N	
ulkoilma	N	
ulkosuhde	N	
täyttyminen	N	
täydennys	N	
työura	N	
työntäjä	N	
työnimi	N	
tyyppimerkintä	N	
tusina	N	
turvallisuusjoukko	N	
turkmeeni	N	
turjanlinna	N	
tulosuunta	N	
tulenkantaja	N	
triumviri	N	
toimenkuva	N	
tilinpito	N	
tilastoalue	N	
tiedonsiirtonopeus	N	
teelaatu	N	
taudinaiheuttaja	N	
tarkoitusperä	N	
tarkkaavaisuus	N	
tapahtumasarja	N	
tammi-helmikuu	N	
talouslama	N	
takavarikko	N	
säätösauva	N	
säätyvaltiopäivät	N	
syntymävuosi	N	
syntyhistoria	N	
suurkaupunkialue	N	
suurpitäjä	N	
suurkaupunkialue	N	
sumeri	N	
sukulaiskieli	N	
subjunktiivi	N	
stratosfääri	N	
stadi	N	
sponsorointi	N	
sovittelu	N	
sovintokokous	N	
sopimusoikeus	N	
soluelin	N	
soidinääni	N	
skaala	N	
sisilialainen	N	
siirtymävaihe	N	
sessio	N	
sepelvaltimotauti	N	
sakkaus	N	
sairaanhoitopiiri	N	
rypäle	N	
ruutukaava	N	
rupilisko	N	
ruokasuola	N	
runkoverkko	N	
rotuluokittelu	N	
ristiretkivaltio	N	
reduktio	N	
rautaesirippu	N	
rannikkokaistale	N	
pääateria	N	
päätarkoitus	N	
pääperiaate	N	
pääarmeija	N	
pyörähdysaika	N	
pysähdys	N	
puskuri	N	
purjelaiva	N	
puolustusliitto	N	
psykoterapia	N	
preeria	N	
potti	N	
polynesialainen	N	
pointti	N	
pilapiirros	N	
pikkuviha	N	
peruskorjaus	N	
perimyssota	N	
passio	N	
pasifisti	N	
partisiippi	N	
parafilia	N	
pankkikriisi	N	
palveluntarjoaja	N	
palvelunestohyökkäys	N	
palaaminen	N	
painaminen	N	
paikannimistö	N	
ottawa	N	
opetuskieli	N	
onnettomuuspaikka	N	
omaha	N	
oksentelu	N	
oikeuskäytäntö	N	
oikeusfilosofia	N	
ohjaustyö	N	
näkökenttä	N	
nomini	N	
nollakohta	N	
nitroglyseroli	N	
nimialalaji	N	
niinisalo	N	
nihilismi	N	
newyorkilainen	N	
newton	N	
neuvostoaika	N	
neuroni	N	
nelivuotias	N	
natriumkloridi	N	
naapuriprovinssi	N	
myllykylä	N	
muutostyö	N	
mustangi	N	
musiikkitapahtuma	N	
musiikkielämä	N	
muodonvaihdos	N	
muistialue	N	
mittalaite	N	
miesliike	N	
metrorata	N	
mestaruussarja	N	
merilintu	N	
megapikseli	N	
matruusi	N	
marseljeesi	N	
mainoskampanja	N	
maayhteys	N	
maataloustuotanto	N	
maailmankauppa	N	
lähiaika	N	
lyhennelmä	N	
luotta	N	
luonnehdinta	N	
lunnaat	N	
lukuvuosi	N	
lopputila	N	
liikuntahalli	N	
liikennemuoto	N	
libretto	N	
libertaristi	N	
laulutyyli	N	
lapsuudenystävä	N	
laiteajuri	N	
lainalaisuus	N	
käyttöoikeus	N	
käsikranaatti	N	
käsiase	N	
kyselytutkimus	N	
kymri	N	
kuvaputkinäyttö	N	
kuvaputki	N	
kuvapiste	N	
kuuria	N	
kuntaliitosselvitys	N	
kulkija	N	
kulissi	N	
kristalli	N	
kosmologi	N	
koomikko	N	
konehuone	N	
kolumnisti	N	
kolera	N	
koelaulu	N	
kiviniemi	N	
kirkkosali	N	
kihla	N	
kidnappaus	N	
keveys	N	
kesäkuukausi	N	
kesäkuukausi	N	
keskusteluryhmä	N	
keskusyhdistys	N	
keskilänsi	N	
kaupunkiliikenne	N	
kaupunkirakenne	N	
kauppaoikeus	N	
kauppakatu	N	
katko	N	
kapitalisti	N	
kansantulo	N	
kansaneläkelaitos	N	
kannatusalue	N	
kangasmetsä	N	
kahdeksanvuotias	N	
joukkuekilpailu	N	
jalkine	N	
itäkarjalainen	N	
ilmaisjakelulehti	N	
ihmisoikeustuomioistuin	N	
ihmisjoukko	N	
idealisti	N	
hätävarjelu	N	
hyperteksti	N	
huippuyksikkö	N	
hopi	N	
hiilidioksidipitoisuus	N	
hevosrotu	N	
henkimaailma	N	
hartsirauhanen	N	
halukkuus	N	
hallitusvalta	N	
europarlamenttivaalea	N	
etumatka	N	
eläinpuisto	N	
elo-syyskuu	N	
elektrodi	N	
deklinaatio	N	
capital	N	
buurisota	N	
burgundi	N	
belizen	N	
bataatti	N	
barreli	N	
avaruusolento	N	
autoteollisuus	N	
audio	N	
astronomi	N	
asejärjestelmä	N	
arkiajattelu	N	
apuri	N	
apujoukko	N	
apteekkari	N	
aluetoimisto	N	
alttius	N	
alpha	N	
alkuhärkä	N	
alkukausi	N	
aliravitsemus	N	
alankoalue	N	
akvaario	N	
aivotoiminta	N	
afrikaaneri	N	
adjutantti	N	
ääriliike	N	
ystäväkirje	N	
ystävyyskunta	N	
ympärysmitta	N	
ympäriajo	N	
yläreuna	N	
väärentäminen	N	
vääntömomentti	N	
värimuoto	N	
väestönkehitys	N	
vuokati	N	
vulgaarilatina	N	
viitasammakko	N	
viiksisiippa	N	
vesiväylä	N	
vesitie	N	
verkkoteoria	N	
vektorigrafiikka	N	
veikkaus	N	
vastaväite	N	
vapaaehtoisjoukko	N	
valtakunnansali	N	
valtakunnanpresidentti	N	
valmistusprosessi	N	
uzbekki	N	
uusnatsi	N	
uskonpuhdistaja	N	
urheilukilpailu	N	
turvapaikanhakija	N	
tunnusluku	N	
tunnuspiirre	N	
tulivoima	N	
tuhotyö	N	
tuaregi	N	
toimitalo	N	
toimintamalli	N	
tilastointi	N	
tietomäärä	N	
tietoliikenneyhteys	N	
tietokonetekniikka	N	
tiedustelulento	N	
teräsyhteisö	N	
terveysala	N	
tennispelaaja	N	
teisti	N	
tehtailija	N	
taustaväri	N	
taruolento	N	
tarkistus	N	
tappisolu	N	
tanssiminen	N	
talousosasto	N	
takaruumis	N	
taka-ala	N	
taitoluistelu	N	
taistelulaji	N	
sävelkorkeus	N	
sähköjohto	N	
syys	N	
syntyaika	N	
symmetria	N	
sydänkeskiaika	N	
swahili	N	
suvereniteetti	N	
suursota	N	
suurmies	N	
suuntanumero	N	
suunnannäyttäjä	N	
suhdannevaihtelu	N	
sotilaspiiri	N	
sosialistiliitto	N	
sormiaakkonen	N	
soittolista	N	
skandi	N	
sisarenpoika	N	
sirkus	N	
sieppaus	N	
seppel	N	
satunnaisuus	N	
sarjakuvataiteilija	N	
sanaluokka	N	
salliminen	N	
sadasosa	N	
saarenmaa	N	
saaliskala	N	
rynnäkkö	N	
ruoikko	N	
rumba	N	
rukoushuonekunta	N	
rauhanteko	N	
rasta	N	
raptori	N	
rakennusprojekti	N	
rahapula	N	
radiotoiminta	N	
päätyyppi	N	
pääministerikausi	N	
pääsuuntaus	N	
pysäyttäminen	N	
pystypiano	N	
puuhiomo	N	
puolustuspuhe	N	
punaisenmeri	N	
puhetapa	N	
prosessointi	N	
pronssimitali	N	
polarisaatio	N	
pikkusaari	N	
piikkikampela	N	
perusidea	N	
peltoaukea	N	
pellonpää	N	
pelastustoimi	N	
pelastuslaitos	N	
pedofilia	N	
parkinsoni	N	
palladium	N	
pakolaishallitus	N	
painetti	N	
paikallistaso	N	
paalupaikka	N	
origo	N	
opastin	N	
olotila	N	
ohjesääntö	N	
ohjeistus	N	
ohitus	N	
nykykreikka	N	
nykytutkimus	N	
